age;temp;food;size;repro;condition;log_size
22;20;Intermittent;4.12367789857385;0;inter_20;1.41674545897587
23;20;Intermittent;4.34080762313611;0;inter_20;1.46806041908025
24;20;Intermittent;4.55658629204655;0;inter_20;1.51657372300506
25;20;Intermittent;4.77102231203703;0;inter_20;1.56256060311851
26;20;Intermittent;4.98412403752985;0;inter_20;1.60625766832031
27;20;Intermittent;5.19589977096322;0;inter_20;1.64786980896935
28;20;Intermittent;5.40635776311472;0;inter_20;1.68757562456107
29;20;Intermittent;5.6155062134228;0;inter_20;1.72553173789756
30;20;Intermittent;5.82335327030614;0;inter_20;1.76187625910785
31;20;Intermittent;6.0299070314812;0;inter_20;1.79673159295543
32;20;Intermittent;6.23517554427765;0;inter_20;1.83020673339126
33;20;Intermittent;6.43916680595192;0;inter_20;1.86239915378844
34;20;Intermittent;6.64188876399877;0;inter_20;1.89339637544888
35;20;Intermittent;6.84334931646092;0;inter_20;1.92327727793637
36;20;Intermittent;7.04355631223675;0;inter_20;1.95211320060878
37;20;Intermittent;7.24251755138612;0;inter_20;1.97996887404623
38;20;Intermittent;7.4402407854342;0;inter_20;2.00690321195494
39;20;Intermittent;7.63673371767355;0;inter_20;2.03296998789933
40;20;Intermittent;7.83200400346419;0;inter_20;2.05821841639562
41;20;Intermittent;8.02605925053187;0;inter_20;2.08269365414141
42;20;Intermittent;8.21890701926444;0;inter_20;2.1064372342011
43;20;Intermittent;8.41055482300643;0;inter_20;2.12948744362884
44;20;Intermittent;8.60101012835178;0;inter_20;2.15187965314704
45;20;Intermittent;8.79028035543469;0;inter_20;2.17364660600469
46;20;Intermittent;8.97837287821876;0;inter_20;2.19481867193422
47;20;Intermittent;9.16529502478426;0;inter_20;2.21542407114828
48;20;Intermittent;9.35105407761362;0;inter_20;2.23548907252007
49;20;Intermittent;9.53565727387517;0;inter_20;2.25503816943753
50;20;Intermittent;9.71911180570509;0;inter_20;2.27409423628324
51;20;Intermittent;9.90142482048763;0;inter_20;2.29267866804625
52;20;Intermittent;10.0826034211335;0;inter_20;2.31081150520184
53;20;Intermittent;10.2626546663569;0;inter_20;2.32851154568636
54;20;Intermittent;10.4415855709499;0;inter_20;2.34579644553477
55;20;Intermittent;10.6194031060564;0;inter_20;2.36268280953146
56;20;Intermittent;10.7961141994434;0;inter_20;2.3791862730401
57;20;Intermittent;10.971725735771;0;inter_20;2.39532157602314
58;20;Intermittent;11.1462445568604;0;inter_20;2.41110263012864
59;20;Intermittent;11.3196774619609;0;inter_20;2.42654257960947
60;20;Intermittent;11.4920312080143;0;inter_20;2.44165385674286
61;20;Intermittent;11.6633125099185;0;inter_20;2.45644823233566
62;20;Intermittent;11.833528040789;0;inter_20;2.47093686182908
63;20;Intermittent;12.002684432219;0;inter_20;2.4851303274552
64;20;Intermittent;12.1707882745373;0;inter_20;2.49903867684408
65;20;Intermittent;12.3378461170659;0;inter_20;2.51267145843425
66;20;Intermittent;12.5038644683742;0;inter_20;2.52603775399887
67;20;Intermittent;12.6688497965334;0;inter_20;2.53914620856522
68;20;Intermittent;12.8328085293679;0;inter_20;2.55200505797397
69;20;Intermittent;12.9957470547062;0;inter_20;2.56462215429844
70;20;Intermittent;13.1576717206293;0;inter_20;2.57700498931999
71;20;Intermittent;13.3185888357184;0;inter_20;2.58916071623547
72;20;Intermittent;13.4785046693005;0;inter_20;2.60109616975391
73;20;Intermittent;13.6374254516929;0;inter_20;2.61281788472393
74;20;Intermittent;13.7953573744453;0;inter_20;2.62433211341889
75;20;Intermittent;13.9523065905817;0;inter_20;2.63564484159417
76;20;Intermittent;14.1082792148401;0;inter_20;2.64676180341982
77;20;Intermittent;14.2632813239101;0;inter_20;2.65768849538169
78;20;Intermittent;14.4173189566702;0;inter_20;2.66843018923561
79;20;Intermittent;14.570398114423;0;inter_20;2.67899194409071
80;20;Intermittent;14.722524761129;0;inter_20;2.68937861769145
81;20;Intermittent;14.8737048236386;0;inter_20;2.69959487696106
82;20;Intermittent;15.0239441919235;0;inter_20;2.70964520786393
83;20;Intermittent;15.173248719306;0;inter_20;2.71953392463877
84;20;Intermittent;15.321624222687;0;inter_20;2.72926517845038
85;20;Intermittent;15.4690764827726;0;inter_20;2.73884296550325
86;20;Intermittent;15.6156112442994;0;inter_20;2.74827113465667
87;20;Intermittent;15.7612342162583;0;inter_20;2.75755339457777
88;20;Intermittent;15.9059510721167;0;inter_20;2.76669332046563
89;20;Intermittent;16.04976745004;0;inter_20;2.77569436037698
90;20;Intermittent;16.192688953111;0;inter_20;2.78455984118153
91;20;Intermittent;16.3347211495479;0;inter_20;2.79329297417258
92;20;Intermittent;16.4758695729219;0;inter_20;2.80189686035665
93;20;Intermittent;16.6161397223722;0;inter_20;2.81037449544386
94;20;Intermittent;16.7555370628204;0;inter_20;2.8187287745592
95;20;Intermittent;16.8940670251838;0;inter_20;2.82696249669318
96;20;Intermittent;17.0317350065864;0;inter_20;2.83507836890899
97;20;Intermittent;17.1685463705695;0;inter_20;2.84307901032192
98;20;Intermittent;17.3045064473006;0;inter_20;2.85096695586582
99;20;Intermittent;17.4396205337812;0;inter_20;2.85874465986001
100;20;Intermittent;17.5738938940528;0;inter_20;2.86641449938914
101;20;Intermittent;17.7073317594024;0;inter_20;2.87397877750788
102;20;Intermittent;17.8399393285662;0;inter_20;2.88143972628096
103;20;Intermittent;17.9717217679318;0;inter_20;2.88879950966875
104;20;Intermittent;18.10268421174;0;inter_20;2.89606022626773
105;20;Intermittent;18.2328317622846;0;inter_20;2.90322391191444
106;20;Intermittent;18.3621694901111;0;inter_20;2.91029254216094
107;20;Intermittent;18.4907024342142;0;inter_20;2.91726803462953
108;20;Intermittent;18.6184356022345;0;inter_20;2.92415225125347
109;20;Intermittent;18.7453739706532;0;inter_20;2.93094700041048
110;20;Intermittent;18.8715224849861;0;inter_20;2.93765403895493
111;20;Intermittent;18.9968860599765;0;inter_20;2.94427507415456
112;20;Intermittent;19.1214695797861;0;inter_20;2.95081176553708
113;20;Intermittent;19.2452778981861;0;inter_20;2.95726572665152
114;20;Intermittent;19.3683158387456;0;inter_20;2.96363852674906
115;20;Intermittent;19.4905881950198;0;inter_20;2.96993169238783
116;20;Intermittent;19.612099730737;0;inter_20;2.97614670896558
117;20;Intermittent;19.7328551799836;0;inter_20;2.98228502218421
118;20;Intermittent;19.8528592473891;0;inter_20;2.98834803944967
119;20;Intermittent;19.9721166083092;0;inter_20;2.9943371312108
120;20;Intermittent;20.0906319090079;0;inter_20;3.00025363223999
121;20;Intermittent;20.2084097668384;0;inter_20;3.00609884285892
122;20;Intermittent;20.3254547704234;0;inter_20;3.01187403011214
123;20;Intermittent;20.4417714798334;0;inter_20;3.01758042889094
124;20;Intermittent;20.5573644267646;0;inter_20;3.02321924301031
125;20;Intermittent;20.6722381147157;0;inter_20;3.02879164624107
126;20;Intermittent;20.7863970191628;0;inter_20;3.03429878329955
127;20;Intermittent;20.899845587734;0;inter_20;3.03974177079677
128;20;Intermittent;21.012588240383;0;inter_20;3.04512169814926
129;20;Intermittent;21.1246293695609;0;inter_20;3.05043962845316
130;20;Intermittent;21.2359733403874;0;inter_20;3.05569659932355
131;20;Intermittent;21.346624490821;0;inter_20;3.06089362370054
132;20;Intermittent;21.4565871318279;0;inter_20;3.06603169062372
133;20;Intermittent;21.56586554755;0;inter_20;3.07111176597648
134;20;Intermittent;21.6744639954719;0;inter_20;3.07613479320152
135;20;Intermittent;21.7823867065864;0;inter_20;3.08110169398899
136;20;Intermittent;21.88963788556;0;inter_20;3.08601336893837
137;20;Intermittent;21.9962217108959;0;inter_20;3.09087069819542
138;20;Intermittent;22.1021423350976;0;inter_20;3.09567454206521
139;20;Intermittent;22.2074038848301;0;inter_20;3.10042574160237
140;20;Intermittent;22.3120104610808;0;inter_20;3.10512511917954
141;20;Intermittent;22.4159661393195;0;inter_20;3.10977347903496
142;20;Intermittent;22.519274969657;0;inter_20;3.11437160780016
143;20;Intermittent;22.6219409770029;0;inter_20;3.11892027500858
144;20;Intermittent;22.7239681612224;0;inter_20;3.12342023358592
145;20;Intermittent;22.8253604972923;0;inter_20;3.12787222032311
146;20;Intermittent;22.9261219354554;0;inter_20;3.1322769563324
147;20;Intermittent;23.0262564013752;0;inter_20;3.13663514748763
148;20;Intermittent;23.1257677962881;0;inter_20;3.14094748484896
149;20;Intermittent;23.2246599971555;0;inter_20;3.14521464507307
150;20;Intermittent;23.3229368568155;0;inter_20;3.1494372908091
151;20;Intermittent;23.420602204132;0;inter_20;3.15361607108118
152;20;Intermittent;23.5176598441448;0;inter_20;3.15775162165791
153;20;Intermittent;23.6141135582172;0;inter_20;3.16184456540946
154;20;Intermittent;23.7099671041837;0;inter_20;3.16589551265264
155;20;Intermittent;23.8052242164961;0;inter_20;3.16990506148455
156;20;Intermittent;23.8998886063693;0;inter_20;3.17387379810524
157;20;Intermittent;23.9939639619257;0;inter_20;3.17780229712969
158;20;Intermittent;24.0874539483389;0;inter_20;3.18169112188973
159;20;Intermittent;24.1803622079767;0;inter_20;3.18554082472609
160;20;Intermittent;24.2726923605425;0;inter_20;3.18935194727113
161;20;Intermittent;24.3644480032171;0;inter_20;3.19312502072248
162;20;Intermittent;24.455632710798;0;inter_20;3.19686056610799
163;20;Intermittent;24.5462500358394;0;inter_20;3.20055909454238
164;20;Intermittent;24.63630350879;0;inter_20;3.20422110747573
165;20;Intermittent;24.7257966381311;0;inter_20;3.20784709693436
166;20;Intermittent;24.814732910513;0;inter_20;3.21143754575412
167;20;Intermittent;24.9031157908905;0;inter_20;3.21499292780656
168;20;Intermittent;24.9909487226588;0;inter_20;3.21851370821823
169;20;Intermittent;25.0782351277868;0;inter_20;3.22200034358319
170;20;Intermittent;25.1649784069507;0;inter_20;3.22545328216917
171;20;Intermittent;25.2511819396667;0;inter_20;3.22887296411759
172;20;Intermittent;25.3368490844224;0;inter_20;3.23225982163747
173;20;Intermittent;25.4219831788077;0;inter_20;3.2356142791937
174;20;Intermittent;25.5065875396449;0;inter_20;3.2389367536897
175;20;Intermittent;25.590665463118;0;inter_20;3.24222765464475
176;20;Intermittent;25.6742202249008;0;inter_20;3.2454873843661
177;20;Intermittent;25.757255080285;0;inter_20;3.24871633811615
178;20;Intermittent;25.8397732643064;0;inter_20;3.25191490427476
179;20;Intermittent;25.9217779918718;0;inter_20;3.25508346449694
180;20;Intermittent;26.0032724578832;0;inter_20;3.25822239386604
181;20;Intermittent;26.0842598373632;0;inter_20;3.26133206104257
182;20;Intermittent;26.1647432855782;0;inter_20;3.26441282840888
183;20;Intermittent;26.2447259381614;0;inter_20;3.26746505220971
184;20;Intermittent;26.3242109112351;0;inter_20;3.27048908268893
185;20;Intermittent;26.403201301532;0;inter_20;3.27348526422237
186;20;Intermittent;26.4817001865158;1;inter_20;3.27645393544708
187;20;Intermittent;26.5597106245012;1;inter_20;3.27939542938703
188;20;Intermittent;26.6372356547731;1;inter_20;3.28231007357533
189;20;Intermittent;26.7142782977048;1;inter_20;3.28519819017321
190;20;Intermittent;26.7908415548758;1;inter_20;3.28806009608575
191;20;Intermittent;26.866928409189;1;inter_20;3.29089610307452
192;20;Intermittent;26.9425418249862;1;inter_20;3.2937065178672
193;20;Intermittent;27.0176847481645;1;inter_20;3.29649164226432
194;20;Intermittent;27.0923601062903;1;inter_20;3.29925177324314
195;20;Intermittent;27.1665708087139;1;inter_20;3.30198720305888
196;20;Intermittent;27.2403197466824;1;inter_20;3.3046982193432
197;20;Intermittent;27.3136097934528;1;inter_20;3.3073851052002
198;20;Intermittent;27.3864438044035;1;inter_20;3.31004813929993
199;20;Intermittent;27.458824617146;1;inter_20;3.31268759596947
200;20;Intermittent;27.5307550516349;1;inter_20;3.31530374528168
201;20;Intermittent;27.6022379102782;1;inter_20;3.31789685314173
202;20;Intermittent;27.6732759780466;1;inter_20;3.3204671813714
203;20;Intermittent;27.7438720225814;1;inter_20;3.32301498779126
204;20;Intermittent;27.8140287943029;1;inter_20;3.32554052630083
205;20;Intermittent;27.8837490265173;1;inter_20;3.32804404695667
206;20;Intermittent;27.9530354355231;1;inter_20;3.3305257960486
207;20;Intermittent;28.0218907207172;1;inter_20;3.33298601617401
208;20;Intermittent;28.0903175647;1;inter_20;3.33542494631035
209;20;Intermittent;28.1583186333795;1;inter_20;3.3378428218858
210;20;Intermittent;28.225896576076;1;inter_20;3.34023987484835
211;20;Intermittent;28.2930540256244;1;inter_20;3.34261633373301
212;20;Intermittent;28.3597935984774;1;inter_20;3.34497242372762
213;20;Intermittent;28.4261178948072;1;inter_20;3.34730836673688
214;20;Intermittent;28.4920294986068;1;inter_20;3.34962438144503
215;20;Intermittent;28.5575309777907;1;inter_20;3.35192068337687
216;20;Intermittent;28.6226248842951;1;inter_20;3.35419748495751
217;20;Intermittent;28.6873137541769;1;inter_20;3.35645499557056
218;20;Intermittent;28.7516001077131;1;inter_20;3.35869342161508
219;20;Intermittent;28.8154864494985;1;inter_20;3.36091296656111
220;20;Intermittent;28.8789752685434;1;inter_20;3.36311383100395
221;20;Intermittent;28.9420690383707;1;inter_20;3.36529621271724
222;20;Intermittent;29.0047702171123;1;inter_20;3.36746030670469
223;20;Intermittent;29.0670812476045;1;inter_20;3.36960630525077
224;20;Intermittent;29.1290045574837;1;inter_20;3.37173439797014
225;20;Intermittent;29.1905425592806;1;inter_20;3.37384477185603
226;20;Intermittent;29.2516976505142;1;inter_20;3.37593761132747
227;20;Intermittent;29.3124722137854;1;inter_20;3.37801309827549
228;20;Intermittent;29.3728686168699;1;inter_20;3.38007141210831
229;20;Intermittent;29.4328892128101;1;inter_20;3.38211272979546
230;20;Intermittent;29.4925363400069;1;inter_20;3.38413722591101
231;20;Intermittent;29.5518123223111;1;inter_20;3.38614507267572
232;20;Intermittent;29.6107194691135;1;inter_20;3.38813643999843
233;20;Intermittent;29.6692600754352;1;inter_20;3.39011149551637
234;20;Intermittent;29.7274364220168;1;inter_20;3.39207040463475
235;20;Intermittent;29.7852507754074;1;inter_20;3.39401333056535
236;20;Intermittent;29.8427053880529;1;inter_20;3.39594043436441
237;20;Intermittent;29.8998024983836;1;inter_20;3.39785187496959
238;20;Intermittent;29.9565443309017;1;inter_20;3.39974780923624
239;20;Intermittent;30.0129330962674;1;inter_20;3.40162839197278
240;20;Intermittent;30.0689709913859;1;inter_20;3.40349377597546
241;20;Intermittent;30.1246601994922;1;inter_20;3.4053441120623
242;20;Intermittent;30.1800028902366;1;inter_20;3.40717954910632
243;20;Intermittent;30.2350012197689;1;inter_20;3.40900023406812
244;20;Intermittent;30.2896573308228;1;inter_20;3.41080631202774
245;20;Intermittent;30.3439733527991;1;inter_20;3.41259792621587
246;20;Intermittent;30.3979514018488;1;inter_20;3.41437521804442
247;20;Intermittent;30.4515935809553;1;inter_20;3.41613832713644
248;20;Intermittent;30.5049019800167;1;inter_20;3.41788739135547
249;20;Intermittent;30.557878675927;1;inter_20;3.41962254683424
250;20;Intermittent;30.610525732657;1;inter_20;3.42134392800281
251;20;Intermittent;30.6628452013347;1;inter_20;3.42305166761613
252;20;Intermittent;30.7148391203255;1;inter_20;3.42474589678109
253;20;Intermittent;30.7665095153113;1;inter_20;3.42642674498295
254;20;Intermittent;30.8178583993693;1;inter_20;3.42809434011127
255;20;Intermittent;30.8688877730509;1;inter_20;3.42974880848537
256;20;Intermittent;30.9195996244594;1;inter_20;3.43139027487922
257;20;Intermittent;30.9699959293271;1;inter_20;3.43301886254587
258;20;Intermittent;31.0200786510931;1;inter_20;3.43463469324141
259;20;Intermittent;31.0698497409789;1;inter_20;3.43623788724839
260;20;Intermittent;31.1193111380651;1;inter_20;3.4378285633989
261;20;Intermittent;31.1684647693665;1;inter_20;3.4394068390971
262;20;Intermittent;31.2173125499074;1;inter_20;3.44097283034134
263;20;Intermittent;31.2658563827962;1;inter_20;3.44252665174588
264;20;Intermittent;31.3140981592995;1;inter_20;3.44406841656218
265;20;Intermittent;31.3620397589159;1;inter_20;3.44559823669976
266;20;Intermittent;31.4096830494487;1;inter_20;3.44711622274666
267;20;Intermittent;31.4570298870797;1;inter_20;3.44862248398957
268;20;Intermittent;31.5040821164403;1;inter_20;3.4501171284335
269;20;Intermittent;31.5508415706845;1;inter_20;3.45160026282116
270;20;Intermittent;31.5973100715593;1;inter_20;3.45307199265184
271;20;Intermittent;31.6434894294766;1;inter_20;3.45453242220016
272;20;Intermittent;31.689381443583;1;inter_20;3.4559816545342
273;20;Intermittent;31.7349879018303;1;inter_20;3.45741979153354
274;20;Intermittent;31.7803105810451;1;inter_20;3.45884693390679
275;20;Intermittent;31.8253512469978;1;inter_20;3.46026318120889
276;20;Intermittent;31.8701116544717;1;inter_20;3.46166863185805
277;20;Intermittent;31.9145935473314;1;inter_20;3.46306338315243
278;20;Intermittent;31.9587986585902;1;inter_20;3.46444753128641
279;20;Intermittent;32.0027287104782;1;inter_20;3.4658211713667
280;20;Intermittent;32.0463854145094;1;inter_20;3.46718439742809
281;20;Intermittent;32.0897704715477;1;inter_20;3.46853730244887
282;20;Intermittent;32.1328855718741;1;inter_20;3.46987997836606
283;20;Intermittent;32.1757323952517;1;inter_20;3.47121251609031
284;20;Intermittent;32.218312610992;1;inter_20;3.47253500552057
285;20;Intermittent;32.2606278780189;1;inter_20;3.47384753555846
286;20;Intermittent;32.3026798449344;1;inter_20;3.47515019412244
287;20;Intermittent;32.3444701500822;1;inter_20;3.47644306816166
288;20;Intermittent;32.3860004216114;1;inter_20;3.4777262436696
289;20;Intermittent;32.4272722775405;1;inter_20;3.47899980569753
290;20;Intermittent;32.4682873258201;1;inter_20;3.4802638383676
291;20;Intermittent;32.5090471643954;1;inter_20;3.48151842488585
292;20;Intermittent;32.5495533812688;1;inter_20;3.48276364755488
293;20;Intermittent;32.5898075545616;1;inter_20;3.48399958778636
294;20;Intermittent;32.6298112525754;1;inter_20;3.48522632611334
295;20;Intermittent;32.6695660338534;1;inter_20;3.48644394220224
296;20;Intermittent;32.7090734472408;1;inter_20;3.4876525148648
297;20;Intermittent;32.7483350319456;1;inter_20;3.48885212206971
298;20;Intermittent;32.7873523175982;1;inter_20;3.49004284095405
299;20;Intermittent;32.8261268243112;1;inter_20;3.49122474783458
300;20;Intermittent;32.8646600627383;1;inter_20;3.49239791821882
301;20;Intermittent;32.9029535341338;1;inter_20;3.49356242681594
302;20;Intermittent;32.9410087304102;1;inter_20;3.49471834754747
303;20;Intermittent;32.9788271341972;1;inter_20;3.49586575355782
304;20;Intermittent;33.0164102188988;1;inter_20;3.49700471722464
305;20;Intermittent;33.0537594487513;1;inter_20;3.49813531016905
306;20;Intermittent;33.0908762788796;1;inter_20;3.49925760326556
307;20;Intermittent;33.1277621553547;1;inter_20;3.50037166665201
308;20;Intermittent;33.1644185152493;1;inter_20;3.50147756973921
309;20;Intermittent;33.2008467866945;1;inter_20;3.50257538122051
310;20;Intermittent;33.2370483889348;1;inter_20;3.50366516908111
311;20;Intermittent;33.2730247323838;1;inter_20;3.50474700060736
312;20;Intermittent;33.308777218679;1;inter_20;3.50582094239577
313;20;Intermittent;33.3443072407364;1;inter_20;3.50688706036197
314;20;Intermittent;33.3796161828048;1;inter_20;3.50794541974951
315;20;Intermittent;33.4147054205199;1;inter_20;3.50899608513845
316;20;Intermittent;33.4495763209573;1;inter_20;3.51003912045388
317;20;Intermittent;33.4842302426868;1;inter_20;3.51107458897435
318;20;Intermittent;33.5186685358241;1;inter_20;3.51210255334
319;20;Intermittent;33.5528925420844;1;inter_20;3.51312307556076
320;20;Intermittent;33.5869035948341;1;inter_20;3.51413621702427
321;20;Intermittent;33.6207030191432;1;inter_20;3.51514203850376
322;20;Intermittent;33.6542921318363;1;inter_20;3.51614060016575
323;20;Intermittent;33.6876722415445;1;inter_20;3.51713196157769
324;20;Intermittent;33.7208446487561;1;inter_20;3.51811618171543
325;20;Intermittent;33.7538106458673;1;inter_20;3.51909331897061
326;20;Intermittent;33.7865715172326;1;inter_20;3.52006343115787
327;20;Intermittent;33.8191285392147;1;inter_20;3.52102657552208
328;20;Intermittent;33.8514829802345;1;inter_20;3.5219828087453
329;20;Intermittent;33.8836361008202;1;inter_20;3.52293218695374
330;20;Intermittent;33.9155891536566;1;inter_20;3.52387476572458
331;20;Intermittent;33.9473433836339;1;inter_20;3.52481060009269
332;20;Intermittent;33.9789000278963;1;inter_20;3.52573974455727
333;20;Intermittent;34.0102603158897;1;inter_20;3.5266622530883
334;20;Intermittent;34.0414254694103;1;inter_20;3.52757817913304
335;20;Intermittent;34.0723967026517;1;inter_20;3.52848757562227
336;20;Intermittent;34.1031752222525;1;inter_20;3.5293904949766
337;20;Intermittent;34.133762227343;1;inter_20;3.53028698911255
338;20;Intermittent;34.1641589095923;1;inter_20;3.53117710944858
339;20;Intermittent;34.1943664532543;1;inter_20;3.53206090691108
340;20;Intermittent;34.2243860352143;1;inter_20;3.53293843194025
341;20;Intermittent;34.2542188250344;1;inter_20;3.53380973449579
342;20;Intermittent;34.2838659849995;1;inter_20;3.5346748640627
343;20;Intermittent;34.3133286701623;1;inter_20;3.53553386965681
344;20;Intermittent;34.3426080283881;1;inter_20;3.53638679983033
345;20;Intermittent;34.3717052004002;1;inter_20;3.53723370267732
346;20;Intermittent;34.4006213198237;1;inter_20;3.53807462583903
347;20;Intermittent;34.4293575132299;1;inter_20;3.53890961650917
348;20;Intermittent;34.4579149001802;1;inter_20;3.53973872143917
349;20;Intermittent;34.4862945932697;1;inter_20;3.54056198694329
350;20;Intermittent;34.5144976981707;1;inter_20;3.54137945890368
18;30;Intermittent;4.22689623540702;0;inter_30;1.44146797323674
19;30;Intermittent;4.52397042643406;0;inter_30;1.50939002119318
20;30;Intermittent;4.81799200702562;0;inter_30;1.57235724520949
21;30;Intermittent;5.10899234453286;0;inter_30;1.63100219191983
22;30;Intermittent;5.39700248398911;0;inter_30;1.68584370389008
23;30;Intermittent;5.68205315142193;0;inter_30;1.73731263773916
24;30;Intermittent;5.96417475713101;0;inter_30;1.7857706984737
25;30;Intermittent;6.24339739893249;0;inter_30;1.83152448917664
26;30;Intermittent;6.51975086536994;0;inter_30;1.87483616437568
27;30;Intermittent;6.79326463889225;0;inter_30;1.91593162703789
28;30;Intermittent;7.06396789899898;0;inter_30;1.95500691898202
29;30;Intermittent;7.33188952535333;0;inter_30;1.99223326239986
30;30;Intermittent;7.59705810086312;0;inter_30;2.02776108036115
31;30;Intermittent;7.85950191473016;0;inter_30;2.06172323480597
32;30;Intermittent;8.11924896546819;0;inter_30;2.09423765795853
33;30;Intermittent;8.37632696388994;0;inter_30;2.12540950860984
34;30;Intermittent;8.63076333606336;0;inter_30;2.15533295263951
35;30;Intermittent;8.8825852262376;0;inter_30;2.18409264371504
36;30;Intermittent;9.1318194997388;0;inter_30;2.21176496278438
37;30;Intermittent;9.37849274583624;0;inter_30;2.23841906202926
38;30;Intermittent;9.62263128057895;0;inter_30;2.26411774916703
39;30;Intermittent;9.86426114960323;0;inter_30;2.28891824053219
40;30;Intermittent;10.1034081309113;0;inter_30;2.31287280563167
41;30;Intermittent;10.3400977376213;0;inter_30;2.33602932141678
42;30;Intermittent;10.5743552206894;0;inter_30;2.35843175103464
43;30;Intermittent;10.8062055716033;0;inter_30;2.38012055907984
44;30;Intermittent;11.0356735250486;0;inter_30;2.40113307319262
45;30;Intermittent;11.2627835615477;0;inter_30;2.42150380011342
46;30;Intermittent;11.4875599100714;0;inter_30;2.44126470290837
47;30;Intermittent;11.7100265506236;0;inter_30;2.46044544495322
48;30;Intermittent;11.9302072167996;0;inter_30;2.47907360534704
49;30;Intermittent;12.1481253983184;0;inter_30;2.49717486967866
50;30;Intermittent;12.3638043435282;0;inter_30;2.51477319945428
51;30;Intermittent;12.5772670618872;0;inter_30;2.5318909829882
52;30;Intermittent;12.7885363264177;0;inter_30;2.54854917013811
53;30;Intermittent;12.997634676136;0;inter_30;2.56476739291745
54;30;Intermittent;13.2045844184571;0;inter_30;2.58056407372467
55;30;Intermittent;13.4094076315739;0;inter_30;2.59595652268434
56;30;Intermittent;13.6121261668134;0;inter_30;2.61096102538893
57;30;Intermittent;13.8127616509672;0;inter_30;2.625592922155
58;30;Intermittent;14.0113354885992;0;inter_30;2.63986667976014
59;30;Intermittent;14.2078688643288;0;inter_30;2.65379595650063
60;30;Intermittent;14.4023827450912;1;inter_30;2.66739366130268
61;30;Intermittent;14.5948978823741;1;inter_30;2.68067200752751
62;30;Intermittent;14.7854348144313;1;inter_30;2.69364256203205
63;30;Intermittent;14.9740138684746;1;inter_30;2.7063162899784
64;30;Intermittent;15.1606551628415;1;inter_30;2.71870359582669
65;30;Intermittent;15.3453786091418;1;inter_30;2.73081436089484
66;30;Intermittent;15.528203914382;1;inter_30;2.74265797782466
67;30;Intermittent;15.7091505830679;1;inter_30;2.75424338225503
68;30;Intermittent;15.8882379192847;1;inter_30;2.76557908196944
69;30;Intermittent;16.0654850287571;1;inter_30;2.77667318375583
70;30;Intermittent;16.2409108208872;1;inter_30;2.78753341819083
71;30;Intermittent;16.4145340107723;1;inter_30;2.79816716253796
72;30;Intermittent;16.5863731212008;1;inter_30;2.80858146192941
73;30;Intermittent;16.7564464846289;1;inter_30;2.8187830489836
74;30;Intermittent;16.9247722451359;1;inter_30;2.828778361995
75;30;Intermittent;17.0913683603604;1;inter_30;2.83857356181928
76;30;Intermittent;17.2562526034155;1;inter_30;2.84817454756429
77;30;Intermittent;17.4194425647855;1;inter_30;2.85758697118707
78;30;Intermittent;17.5809556542019;1;inter_30;2.86681625108684
79;30;Intermittent;17.7408091025014;1;inter_30;2.87586758477607
80;30;Intermittent;17.8990199634635;1;inter_30;2.88474596070334
81;30;Intermittent;18.0556051156305;1;inter_30;2.89345616929549
82;30;Intermittent;18.2105812641075;1;inter_30;2.90200281327992
83;30;Intermittent;18.3639649423451;1;inter_30;2.91039031734274
84;30;Intermittent;18.5157725139031;1;inter_30;2.91862293717343
85;30;Intermittent;18.6660201741961;1;inter_30;2.92670476794208
86;30;Intermittent;18.8147239522215;1;inter_30;2.93463975225143
87;30;Intermittent;18.9618997122691;1;inter_30;2.9424316876024
88;30;Intermittent;19.1075631556142;1;inter_30;2.95008423340821
89;30;Intermittent;19.2517298221923;1;inter_30;2.95760091758965
90;30;Intermittent;19.3944150922568;1;inter_30;2.96498514278092
91;30;Intermittent;19.5356341880203;1;inter_30;2.9722401921736
92;30;Intermittent;19.6754021752781;1;inter_30;2.97936923502356
93;30;Intermittent;19.8137339650158;1;inter_30;2.98637533184395
94;30;Intermittent;19.9506443149998;1;inter_30;2.99326143930557
95;30;Intermittent;20.086147831352;1;inter_30;3.00003041486401
96;30;Intermittent;20.2202589701077;1;inter_30;3.00668502113186
97;30;Intermittent;20.3529920387583;1;inter_30;3.01322793001252
98;30;Intermittent;20.484361197777;1;inter_30;3.01966172661107
99;30;Intermittent;20.6143804621303;1;inter_30;3.02598891293649
100;30;Intermittent;20.7430637027724;1;inter_30;3.03221191140844
101;30;Intermittent;20.8704246481256;1;inter_30;3.03833306818089
102;30;Intermittent;20.9964768855446;1;inter_30;3.04435465629389
103;30;Intermittent;21.121233862766;1;inter_30;3.05027887866407
104;30;Intermittent;21.2447088893432;1;inter_30;3.05610787092374
105;30;Intermittent;21.3669151380661;1;inter_30;3.06184370411755
106;30;Intermittent;21.4878656463665;1;inter_30;3.06748838726536
107;30;Intermittent;21.6075733177092;1;inter_30;3.07304386979911
108;30;Intermittent;21.7260509229681;1;inter_30;3.07851204388104
109;30;Intermittent;21.8433111017891;1;inter_30;3.08389474661027
110;30;Intermittent;21.9593663639382;1;inter_30;3.08919376212387
111;30;Intermittent;22.0742290906365;1;inter_30;3.09441082359875
112;30;Intermittent;22.1879115358807;1;inter_30;3.09954761515965
113;30;Intermittent;22.3004258277505;1;inter_30;3.10460577369858
114;30;Intermittent;22.4117839697027;1;inter_30;3.10958689061066
115;30;Intermittent;22.5219978418513;1;inter_30;3.1144925134508
116;30;Intermittent;22.6310792022354;1;inter_30;3.11932414751567
117;30;Intermittent;22.7390396880734;1;inter_30;3.12408325735475
118;30;Intermittent;22.8458908170045;1;inter_30;3.12877126821448
119;30;Intermittent;22.9516439883174;1;inter_30;3.13338956741888
120;30;Intermittent;23.0563104841664;1;inter_30;3.13793950569002
121;30;Intermittent;23.1599014707752;1;inter_30;3.14242239841143
122;30;Intermittent;23.262427999628;1;inter_30;3.14683952683743
123;30;Intermittent;23.3639010086486;1;inter_30;3.15119213925112
124;30;Intermittent;23.4643313233672;1;inter_30;3.15548145207355
125;30;Intermittent;23.5637296580754;1;inter_30;3.15970865092665
126;30;Intermittent;23.6621066169691;1;inter_30;3.16387489165215
127;30;Intermittent;23.7594726952802;1;inter_30;3.16798130128859
128;30;Intermittent;23.8558382803956;1;inter_30;3.17202897900861
129;30;Intermittent;23.9512136529661;1;inter_30;3.17601899701837
130;30;Intermittent;24.0456089880025;1;inter_30;3.17995240142086
131;30;Intermittent;24.1390343559617;1;inter_30;3.183830213045
132;30;Intermittent;24.2314997238207;1;inter_30;3.18765342824196
133;30;Intermittent;24.3230149561398;1;inter_30;3.1914230196503
134;30;Intermittent;24.4135898161155;1;inter_30;3.19513993693155
135;30;Intermittent;24.5032339666217;1;inter_30;3.19880510747725
136;30;Intermittent;24.5919569712405;1;inter_30;3.20241943708913
137;30;Intermittent;24.6797682952827;1;inter_30;3.20598381063342
138;30;Intermittent;24.7666773067975;1;inter_30;3.20949909267048
139;30;Intermittent;24.8526932775719;1;inter_30;3.21296612806102
140;30;Intermittent;24.9378253841201;1;inter_30;3.21638574254972
141;30;Intermittent;25.022082708662;1;inter_30;3.21975874332744
142;30;Intermittent;25.1054742400925;1;inter_30;3.22308591957284
143;30;Intermittent;25.1880088749403;1;inter_30;3.22636804297439
144;30;Intermittent;25.2696954183173;1;inter_30;3.22960586823357
145;30;Intermittent;25.3505425848575;1;inter_30;3.23280013355005
146;30;Intermittent;25.4305589996471;1;inter_30;3.23595156108968
147;30;Intermittent;25.5097531991445;1;inter_30;3.23906085743599
148;30;Intermittent;25.5881336320909;1;inter_30;3.24212871402583
149;30;Intermittent;25.6657086604118;1;inter_30;3.24515580756996
150;30;Intermittent;25.7424865601092;1;inter_30;3.24814280045906
151;30;Intermittent;25.8184755221442;1;inter_30;3.25109034115583
152;30;Intermittent;25.893683653311;1;inter_30;3.25399906457376
153;30;Intermittent;25.9681189771018;1;inter_30;3.25686959244311
154;30;Intermittent;26.0417894345629;1;inter_30;3.25970253366456
155;30;Intermittent;26.1147028851414;1;inter_30;3.26249848465109
156;30;Intermittent;26.1868671075242;1;inter_30;3.26525802965854
157;30;Intermittent;26.2582898004677;1;inter_30;3.26798174110528
158;30;Intermittent;26.328978583619;1;inter_30;3.27067017988143
159;30;Intermittent;26.3989409983288;1;inter_30;3.27332389564803
160;30;Intermittent;26.4681845084563;1;inter_30;3.27594342712659
161;30;Intermittent;26.5367165011649;1;inter_30;3.2785293023793
162;30;Intermittent;26.6045442877109;1;inter_30;3.28108203908039
163;30;Intermittent;26.6716751042228;1;inter_30;3.28360214477883
164;30;Intermittent;26.7381161124739;1;inter_30;3.28609011715281
165;30;Intermittent;26.8038744006462;1;inter_30;3.28854644425627
166;30;Intermittent;26.8689569840862;1;inter_30;3.29097160475774
167;30;Intermittent;26.933370806054;1;inter_30;3.29336606817186
168;30;Intermittent;26.9971227384632;1;inter_30;3.29573029508375
169;30;Intermittent;27.060219582615;1;inter_30;3.29806473736659
170;30;Intermittent;27.1226680699228;1;inter_30;3.30036983839258
171;30;Intermittent;27.1844748626312;1;inter_30;3.30264603323754
172;30;Intermittent;27.2456465545259;1;inter_30;3.30489374887941
173;30;Intermittent;27.3061896716381;1;inter_30;3.30711340439086
174;30;Intermittent;27.36611067294;1;inter_30;3.30930541112616
175;30;Intermittent;27.4254159510339;1;inter_30;3.31147017290257
176;30;Intermittent;27.4841118328347;1;inter_30;3.31360808617651
177;30;Intermittent;27.5422045802445;1;inter_30;3.31571954021448
178;30;Intermittent;27.5997003908206;1;inter_30;3.31780491725913
179;30;Intermittent;27.6566053984368;1;inter_30;3.31986459269058
180;30;Intermittent;27.7129256739378;1;inter_30;3.32189893518306
181;30;Intermittent;27.7686672257869;1;inter_30;3.32390830685719
182;30;Intermittent;27.8238360007068;1;inter_30;3.32589306342789
183;30;Intermittent;27.8784378843144;1;inter_30;3.32785355434821
184;30;Intermittent;27.9324787017481;1;inter_30;3.32979012294907
185;30;Intermittent;27.9859642182899;1;inter_30;3.33170310657521
186;30;Intermittent;28.0389001399801;1;inter_30;3.33359283671734
187;30;Intermittent;28.091292114226;1;inter_30;3.33545963914068
188;30;Intermittent;28.1431457304047;1;inter_30;3.33730383400996
189;30;Intermittent;28.1944665204589;1;inter_30;3.33912573601112
190;30;Intermittent;28.2452599594877;1;inter_30;3.34092565446961
191;30;Intermittent;28.2955314663301;1;inter_30;3.34270389346563
192;30;Intermittent;28.3452864041436;1;inter_30;3.3444607519462
193;30;Intermittent;28.3945300809758;1;inter_30;3.34619652383432
194;30;Intermittent;28.4432677503315;1;inter_30;3.34791149813525
195;30;Intermittent;28.4915046117321;1;inter_30;3.34960595903993
196;30;Intermittent;28.5392458112714;1;inter_30;3.35128018602578
197;30;Intermittent;28.5864964421638;1;inter_30;3.35293445395488
198;30;Intermittent;28.6332615452881;1;inter_30;3.35456903316953
199;30;Intermittent;28.679546109725;1;inter_30;3.35618418958544
200;30;Intermittent;28.7253550732895;1;inter_30;3.35778018478251
201;30;Intermittent;28.7706933230579;1;inter_30;3.35935727609331
202;30;Intermittent;28.8155656958885;1;inter_30;3.36091571668928
203;30;Intermittent;28.8599769789386;1;inter_30;3.36245575566483
204;30;Intermittent;28.9039319101742;1;inter_30;3.36397763811928
205;30;Intermittent;28.9474351788763;1;inter_30;3.36548160523678
206;30;Intermittent;28.9904914261405;1;inter_30;3.36696789436424
207;30;Intermittent;29.0331052453727;1;inter_30;3.36843673908737
208;30;Intermittent;29.0752811827786;1;inter_30;3.36988836930478
209;30;Intermittent;29.1170237378493;1;inter_30;3.37132301130039
210;30;Intermittent;29.1583373638408;1;inter_30;3.37274088781395
211;30;Intermittent;29.1992264682494;1;inter_30;3.37414221810997
212;30;Intermittent;29.2396954132816;1;inter_30;3.37552721804489
213;30;Intermittent;29.27974851632;1;inter_30;3.37689610013273
214;30;Intermittent;29.3193900503834;1;inter_30;3.37824907360914
215;30;Intermittent;29.3586242445828;1;inter_30;3.3795863444939
216;30;Intermittent;29.3974552845727;1;inter_30;3.38090811565203
217;30;Intermittent;29.4358873129976;1;inter_30;3.38221458685338
218;30;Intermittent;29.4739244299338;1;inter_30;3.38350595483087
219;30;Intermittent;29.511570693327;1;inter_30;3.38478241333735
220;30;Intermittent;29.5488301194251;1;inter_30;3.38604415320124
221;30;Intermittent;29.5857066832069;1;inter_30;3.38729136238071
222;30;Intermittent;29.6222043188056;1;inter_30;3.3885242260168
223;30;Intermittent;29.6583269199292;1;inter_30;3.38974292648522
224;30;Intermittent;29.6940783402754;1;inter_30;3.39094764344701
225;30;Intermittent;29.7294623939432;1;inter_30;3.39213855389808
226;30;Intermittent;29.7644828558391;1;inter_30;3.39331583221753
227;30;Intermittent;29.7991434620806;1;inter_30;3.39447965021507
228;30;Intermittent;29.8334479103942;1;inter_30;3.3956301771772
229;30;Intermittent;29.8673998605101;1;inter_30;3.39676757991246
230;30;Intermittent;29.9010029345527;1;inter_30;3.39789202279572
231;30;Intermittent;29.9342607174271;1;inter_30;3.39900366781136
232;30;Intermittent;29.9671767572012;1;inter_30;3.40010267459567
233;30;Intermittent;29.9997545654844;1;inter_30;3.40118920047817
234;30;Intermittent;30.0319976178026;1;inter_30;3.40226340052218
235;30;Intermittent;30.0639093539682;1;inter_30;3.40332542756439
236;30;Intermittent;30.0954931784479;1;inter_30;3.40437543225366
237;30;Intermittent;30.1267524607253;1;inter_30;3.40541356308897
238;30;Intermittent;30.1576905356606;1;inter_30;3.40643996645653
239;30;Intermittent;30.1883107038466;1;inter_30;3.40745478666615
240;30;Intermittent;30.2186162319602;1;inter_30;3.40845816598682
241;30;Intermittent;30.2486103531117;1;inter_30;3.40945024468153
242;30;Intermittent;30.278296267189;1;inter_30;3.41043116104138
243;30;Intermittent;30.3076771411994;1;inter_30;3.41140105141899
244;30;Intermittent;30.3367561096074;1;inter_30;3.41236005026119
245;30;Intermittent;30.365536274669;1;inter_30;3.41330829014103
246;30;Intermittent;30.3940207067626;1;inter_30;3.41424590178915
247;30;Intermittent;30.4222124447169;1;inter_30;3.41517301412455
248;30;Intermittent;30.4501144961348;1;inter_30;3.41608975428463
249;30;Intermittent;30.4777298377142;1;inter_30;3.41699624765469
250;30;Intermittent;30.5050614155657;1;inter_30;3.41789261789685
251;30;Intermittent;30.5321121455271;1;inter_30;3.41877898697832
252;30;Intermittent;30.5588849134741;1;inter_30;3.41965547519916
253;30;Intermittent;30.5853825756283;1;inter_30;3.42052220121948
254;30;Intermittent;30.6116079588622;1;inter_30;3.42137928208604
255;30;Intermittent;30.6375638610003;1;inter_30;3.42222683325843
256;30;Intermittent;30.6632530511178;1;inter_30;3.42306496863461
257;30;Intermittent;30.6886782698363;1;inter_30;3.42389380057605
258;30;Intermittent;30.7138422296157;1;inter_30;3.42471343993234
259;30;Intermittent;30.7387476150438;1;inter_30;3.42552399606527
260;30;Intermittent;30.7633970831228;1;inter_30;3.42632557687257
261;30;Intermittent;30.7877932635526;1;inter_30;3.42711828881104
262;30;Intermittent;30.8119387590113;1;inter_30;3.42790223691933
263;30;Intermittent;30.8358361454333;1;inter_30;3.4286775248403
264;30;Intermittent;30.8594879722833;1;inter_30;3.42944425484284
265;30;Intermittent;30.8828967628291;1;inter_30;3.4302025278434
266;30;Intermittent;30.9060650144104;1;inter_30;3.43095244342705
267;30;Intermittent;30.9289951987052;1;inter_30;3.43169409986813
268;30;Intermittent;30.9516897619935;1;inter_30;3.43242759415056
269;30;Intermittent;30.9741511254187;1;inter_30;3.43315302198774
270;30;Intermittent;30.996381685245;1;inter_30;3.43387047784205
271;30;Intermittent;31.0183838131141;1;inter_30;3.43458005494407
272;30;Intermittent;31.0401598562974;1;inter_30;3.43528184531134
273;30;Intermittent;31.0617121379468;1;inter_30;3.43597593976687
274;30;Intermittent;31.0830429573425;1;inter_30;3.43666242795725
275;30;Intermittent;31.1041545901381;1;inter_30;3.43734139837043
276;30;Intermittent;31.1250492886038;1;inter_30;3.43801293835322
277;30;Intermittent;31.1457292818661;1;inter_30;3.43867713412842
278;30;Intermittent;31.1661967761463;1;inter_30;3.43933407081169
279;30;Intermittent;31.1864539549951;1;inter_30;3.43998383242804
280;30;Intermittent;31.2065029795261;1;inter_30;3.44062650192813
281;30;Intermittent;31.2263459886464;1;inter_30;3.44126216120418
282;30;Intermittent;31.2459850992842;1;inter_30;3.44189089110565
283;30;Intermittent;31.2654224066154;1;inter_30;3.44251277145464
284;30;Intermittent;31.2846599842865;1;inter_30;3.44312788106096
285;30;Intermittent;31.3036998846361;1;inter_30;3.44373629773706
286;30;Intermittent;31.322544138914;1;inter_30;3.44433809831254
287;30;Intermittent;31.3411947574975;1;inter_30;3.4449333586485
288;30;Intermittent;31.3596537301062;1;inter_30;3.44552215365167
289;30;Intermittent;31.3779230260143;1;inter_30;3.44610455728819
290;30;Intermittent;31.3960045942603;1;inter_30;3.44668064259722
291;30;Intermittent;31.4139003638554;1;inter_30;3.44725048170433
292;30;Intermittent;31.4316122439889;1;inter_30;3.44781414583459
293;30;Intermittent;31.4491421242324;1;inter_30;3.44837170532552
294;30;Intermittent;31.4664918747406;1;inter_30;3.44892322963976
295;30;Intermittent;31.4836633464516;1;inter_30;3.44946878737751
296;30;Intermittent;31.500658371284;1;inter_30;3.45000844628885
297;30;Intermittent;31.5174787623322;1;inter_30;3.45054227328574
298;30;Intermittent;31.5341263140602;1;inter_30;3.45107033445388
299;30;Intermittent;31.5506028024926;1;inter_30;3.45159269506437
300;30;Intermittent;31.5669099854046;1;inter_30;3.45210941958517
301;30;Intermittent;31.583049602509;1;inter_30;3.45262057169235
302;30;Intermittent;31.5990233756421;1;inter_30;3.45312621428116
303;30;Intermittent;31.6148330089475;1;inter_30;3.45362640947694
304;30;Intermittent;31.6304801890574;1;inter_30;3.4541212186458
305;30;Intermittent;31.6459665852731;1;inter_30;3.45461070240522
306;30;Intermittent;31.6612938497429;1;inter_30;3.45509492063435
307;30;Intermittent;31.6764636176382;1;inter_30;3.45557393248421
308;30;Intermittent;31.691477507328;1;inter_30;3.45604779638776
309;30;Intermittent;31.7063371205518;1;inter_30;3.45651657006973
310;30;Intermittent;31.7210440425901;1;inter_30;3.45698031055632
311;30;Intermittent;31.7355998424339;1;inter_30;3.45743907418478
312;30;Intermittent;31.7500060729518;1;inter_30;3.45789291661275
313;30;Intermittent;31.7642642710557;1;inter_30;3.45834189282759
314;30;Intermittent;31.7783759578651;1;inter_30;3.45878605715537
315;30;Intermittent;31.7923426388687;1;inter_30;3.4592254632699
316;30;Intermittent;31.8061658040858;1;inter_30;3.45966016420152
317;30;Intermittent;31.8198469282248;1;inter_30;3.46009021234574
318;30;Intermittent;31.8333874708404;1;inter_30;3.4605156594718
319;30;Intermittent;31.8467888764898;1;inter_30;3.46093655673107
320;30;Intermittent;31.8600525748863;1;inter_30;3.4613529546653
321;30;Intermittent;31.8731799810523;1;inter_30;3.46176490321475
322;30;Intermittent;31.8861724954698;1;inter_30;3.46217245172623
323;30;Intermittent;31.8990315042301;1;inter_30;3.46257564896095
324;30;Intermittent;31.9117583791818;1;inter_30;3.46297454310232
325;30;Intermittent;31.9243544780766;1;inter_30;3.46336918176356
326;30;Intermittent;31.9368211447147;1;inter_30;3.46375961199523
327;30;Intermittent;31.9491597090881;1;inter_30;3.46414588029265
328;30;Intermittent;31.9613714875222;1;inter_30;3.4645280326032
329;30;Intermittent;31.9734577828163;1;inter_30;3.46490611433349
330;30;Intermittent;31.9854198843828;1;inter_30;3.46528017035643
331;30;Intermittent;31.9972590683848;1;inter_30;3.46565024501823
332;30;Intermittent;32.0089765978717;1;inter_30;3.46601638214521
333;30;Intermittent;32.0205737229147;1;inter_30;3.46637862505061
334;30;Intermittent;32.0320516807395;1;inter_30;3.46673701654121
335;30;Intermittent;32.0434116958588;1;inter_30;3.46709159892391
336;30;Intermittent;32.0546549802026;1;inter_30;3.46744241401217
337;30;Intermittent;32.0657827332476;1;inter_30;3.46778950313238
338;30;Intermittent;32.0767961421453;1;inter_30;3.46813290713013
339;30;Intermittent;32.0876963818484;1;inter_30;3.46847266637638
340;30;Intermittent;32.0984846152363;1;inter_30;3.46880882077354
341;30;Intermittent;32.1091619932392;1;inter_30;3.46914140976146
342;30;Intermittent;32.1197296549608;1;inter_30;3.46947047232336
343;30;Intermittent;32.1301887277999;1;inter_30;3.46979604699162
344;30;Intermittent;32.1405403275703;1;inter_30;3.4701181718535
345;30;Intermittent;32.1507855586207;1;inter_30;3.47043688455684
346;30;Intermittent;32.1609255139515;1;inter_30;3.47075222231556
347;30;Intermittent;32.1709612753321;1;inter_30;3.47106422191523
348;30;Intermittent;32.1808939134161;1;inter_30;3.47137291971839
349;30;Intermittent;32.1907244878555;1;inter_30;3.47167835166992
350;30;Intermittent;32.2004540474137;1;inter_30;3.4719805533023
17;20;Continuous;4.20232968201656;0;conti_20;1.43563905770222
18;20;Continuous;4.46225242098411;0;conti_20;1.49565366567518
19;20;Continuous;4.7202501958661;0;conti_20;1.55186180579136
20;20;Continuous;4.9763372627709;0;conti_20;1.6046941310281
21;20;Continuous;5.23052777222742;0;conti_20;1.65451218545729
22;20;Continuous;5.48283576996705;0;conti_20;1.70162244338661
23;20;Continuous;5.73327519769978;0;conti_20;1.7462869551638
24;20;Continuous;5.98185989388457;0;conti_20;1.78873153865039
25;20;Continuous;6.228603594494;0;conti_20;1.82915216553996
26;20;Continuous;6.4735199337733;0;conti_20;1.8677199998002
27;20;Continuous;6.71662244499374;0;conti_20;1.90458541583101
28;20;Continuous;6.95792456120039;0;conti_20;1.93988123464746
29;20;Continuous;7.19743961595442;0;conti_20;1.97372535388295
30;20;Continuous;7.4351808440699;0;conti_20;2.00622290296129
31;20;Continuous;7.67116138234501;0;conti_20;2.03746802273592
32;20;Continuous;7.90539427028806;0;conti_20;2.06754534548194
33;20;Continuous;8.13789245083791;0;conti_20;2.0965312338173
34;20;Continuous;8.36866877107923;0;conti_20;2.12449482419118
35;20;Continuous;8.59773598295232;0;conti_20;2.1514989108048
36;20;Continuous;8.82510674395781;0;conti_20;2.17760069837882
37;20;Continuous;9.050793617856;0;conti_20;2.20285244644784
38;20;Continuous;9.27480907536115;0;conti_20;2.22730202341491
39;20;Continuous;9.49716549483054;0;conti_20;2.25099338512041
40;20;Continuous;9.71787516294847;0;conti_20;2.27396698993994
41;20;Continuous;9.93695027540517;0;conti_20;2.29626016025212
42;20;Continuous;10.1544029375707;0;conti_20;2.31790739838221
43;20;Continuous;10.3702451651639;0;conti_20;2.33894066373284
44;20;Continuous;10.5844888849162;0;conti_20;2.35938961668657
45;20;Continuous;10.7971459352308;0;conti_20;2.37928183394955
46;20;Continuous;11.0082280668368;0;conti_20;2.39864299925733
47;20;Continuous;11.2177469434384;0;conti_20;2.41749707274991
48;20;Continuous;11.4257141423596;0;conti_20;2.43586644181669
49;20;Continuous;11.6321411551835;0;conti_20;2.45377205579177
50;20;Continuous;11.837039388388;0;conti_20;2.47123354653131
51;20;Continuous;12.0404201639754;0;conti_20;2.48826933661193
52;20;Continuous;12.2422947200983;0;conti_20;2.50489673664475
53;20;Continuous;12.4426742116805;0;conti_20;2.52113203299316
54;20;Continuous;12.6415697110338;0;conti_20;2.53699056700778
55;20;Continuous;12.838992208469;0;conti_20;2.55248680674444
56;20;Continuous;13.034952612904;0;conti_20;2.56763441200517
57;20;Continuous;13.2294617524662;0;conti_20;2.58244629343426
58;20;Continuous;13.4225303750906;0;conti_20;2.59693466631002
59;20;Continuous;13.6141691491144;0;conti_20;2.61111109959338
60;20;Continuous;13.8043886638658;0;conti_20;2.62498656072651
61;20;Continuous;13.9931994302493;0;conti_20;2.63857145661589
62;20;Continuous;14.180611881327;0;conti_20;2.65187567118337
63;20;Continuous;14.3666363728943;0;conti_20;2.66490859982412
64;20;Continuous;14.5512831840527;0;conti_20;2.6776791810727
65;20;Continuous;14.7345625177776;0;conti_20;2.69019592574399
66;20;Continuous;14.9164845014821;0;conti_20;2.70246694378704
67;20;Continuous;15.0970591875765;0;conti_20;2.71449996906387
68;20;Continuous;15.2762965540241;0;conti_20;2.72630238224266
69;20;Continuous;15.4542065048921;0;conti_20;2.73788123197499
70;20;Continuous;15.6307988708991;0;conti_20;2.74924325450914
71;20;Continuous;15.8060834099584;0;conti_20;2.76039489187619
72;20;Continuous;15.980069807717;0;conti_20;2.77134230877145
73;20;Continuous;16.1527676780909;0;conti_20;2.78209140824235
74;20;Continuous;16.3241865637964;0;conti_20;2.79264784628224
75;20;Continuous;16.4943359368772;0;conti_20;2.80301704542075
76;20;Continuous;16.6632251992279;0;conti_20;2.81320420739212
77;20;Continuous;16.8308636831136;0;conti_20;2.82321432495572
78;20;Continuous;16.9972606516855;0;conti_20;2.83305219293592
79;20;Continuous;17.1624252994927;0;conti_20;2.84272241854231
80;20;Continuous;17.3263667529904;0;conti_20;2.85222943102588
81;20;Continuous;17.4890940710439;0;conti_20;2.86157749072181
82;20;Continuous;17.6506162454296;0;conti_20;2.87077069752502
83;20;Continuous;17.8109422013315;0;conti_20;2.87981299884058
84;20;Continuous;17.9700807978345;0;conti_20;2.88870819704771
85;20;Continuous;18.128040828414;0;conti_20;2.89745995651248
86;20;Continuous;18.2848310214217;0;conti_20;2.90607181018165
87;20;Continuous;18.4404600405678;0;conti_20;2.91454716578731
88;20;Continuous;18.5949364854001;0;conti_20;2.92288931168957
89;20;Continuous;18.7482688917787;0;conti_20;2.93110142238233
90;20;Continuous;18.900465732348;0;conti_20;2.93918656368516
91;20;Continuous;19.0515354170047;0;conti_20;2.94714769764259
92;20;Continuous;19.2014862933627;0;conti_20;2.95498768715029
93;20;Continuous;19.3503266472142;0;conti_20;2.96270930032629
94;20;Continuous;19.4980647029875;0;conti_20;2.97031521464385
95;20;Continuous;19.6447086242016;0;conti_20;2.97780802084146
96;20;Continuous;19.7902665139172;0;conti_20;2.98519022662421
97;20;Continuous;19.9347464151843;0;conti_20;2.99246426016973
98;20;Continuous;20.0781563114873;0;conti_20;2.99963247345107
99;20;Continuous;20.220504127185;0;conti_20;3.00669714538761
100;20;Continuous;20.3617977279497;0;conti_20;3.01366048483494
101;20;Continuous;20.5020449212008;0;conti_20;3.02052463342313
102;20;Continuous;20.641253456537;0;conti_20;3.02729166825278
103;20;Continuous;20.7794310261639;0;conti_20;3.03396360445714
104;20;Continuous;20.9165852653196;0;conti_20;3.04054239763834
105;20;Continuous;21.0527237526961;0;conti_20;3.04702994618502
106;20;Continuous;21.1878540108584;0;conti_20;3.05342809347818
107;20;Continuous;21.32198350666;0;conti_20;3.05973862999173
108;20;Continuous;21.4551196516557;0;conti_20;3.06596329529374
109;20;Continuous;21.587269802511;0;conti_20;3.0721037799538
110;20;Continuous;21.7184412614083;0;conti_20;3.07816172736196
111;20;Continuous;21.8486412764511;0;conti_20;3.08413873546397
112;20;Continuous;21.9778770420639;0;conti_20;3.0900363584174
113;20;Continuous;22.10615569939;0;conti_20;3.09585610817302
114;20;Continuous;22.233484336686;0;conti_20;3.1015994559854
115;20;Continuous;22.3598699897135;0;conti_20;3.10726783385647
116;20;Continuous;22.485319642128;0;conti_20;3.11286263591562
117;20;Continuous;22.6098402258647;0;conti_20;3.11838521973969
118;20;Continuous;22.7334386215213;0;conti_20;3.1238369076158
119;20;Continuous;22.8561216587387;0;conti_20;3.12921898775027
120;20;Continuous;22.9778961165778;0;conti_20;3.13453271542599
121;20;Continuous;23.0987687238947;0;conti_20;3.13977931411125
122;20;Continuous;23.2187461597121;0;conti_20;3.14495997652204
123;20;Continuous;23.3378350535884;0;conti_20;3.15007586564056
124;20;Continuous;23.456041985984;0;conti_20;3.15512811569173
125;20;Continuous;23.5733734886253;0;conti_20;3.16011783308002
126;20;Continuous;23.6898360448651;0;conti_20;3.16504609728837
127;20;Continuous;23.8054360900412;0;conti_20;3.16991396174108
128;20;Continuous;23.9201800118318;0;conti_20;3.17472245463237
129;20;Continuous;24.0340741506086;0;conti_20;3.17947257972229
130;20;Continuous;24.147124799787;0;conti_20;3.18416531710142
131;20;Continuous;24.259338206174;0;conti_20;3.18880162392593
132;20;Continuous;24.3707205703133;0;conti_20;3.19338243512421
133;20;Continuous;24.481278046828;0;conti_20;3.19790866407661
134;20;Continuous;24.5910167447606;0;conti_20;3.20238120326922
135;20;Continuous;24.6999427279105;0;conti_20;3.20680092492317
136;20;Continuous;24.8080620151692;0;conti_20;3.2111686816003
137;20;Continuous;24.9153805808529;0;conti_20;3.2154853067864
138;20;Continuous;25.0219043550325;0;conti_20;3.21975161545295
139;20;Continuous;25.1276392238613;0;conti_20;3.22396840459831
140;20;Continuous;25.2325910299004;0;conti_20;3.22813645376929
141;20;Continuous;25.3367655724414;0;conti_20;3.2322565255639
142;20;Continuous;25.4401686078268;0;conti_20;3.23632936611611
143;20;Continuous;25.5428058497681;0;conti_20;3.24035570556339
144;20;Continuous;25.6446829696618;0;conti_20;3.24433625849778
145;20;Continuous;25.7458055969024;0;conti_20;3.24827172440114
146;20;Continuous;25.8461793191935;0;conti_20;3.25216278806522
147;20;Continuous;25.945809682857;0;conti_20;3.25601011999731
148;20;Continuous;26.0447021931389;0;conti_20;3.25981437681191
149;20;Continuous;26.1428623145141;0;conti_20;3.26357620160903
150;20;Continuous;26.240295470988;0;conti_20;3.26729622433978
151;20;Continuous;26.3370070463963;0;conti_20;3.27097506215956
152;20;Continuous;26.4330023847026;0;conti_20;3.27461331976957
153;20;Continuous;26.5282867902934;0;conti_20;3.27821158974688
154;20;Continuous;26.6228655282716;0;conti_20;3.28177045286373
155;20;Continuous;26.7167438247471;0;conti_20;3.28529047839627
156;20;Continuous;26.8099268671257;0;conti_20;3.2887722244234
157;20;Continuous;26.902419804396;0;conti_20;3.29221623811579
158;20;Continuous;26.9942277474132;0;conti_20;3.29562305601576
159;20;Continuous;27.0853557691824;0;conti_20;3.29899320430816
160;20;Continuous;27.1758089051382;0;conti_20;3.30232719908268
161;20;Continuous;27.2655921534235;0;conti_20;3.30562554658794
162;20;Continuous;27.3547104751651;0;conti_20;3.30888874347751
163;20;Continuous;27.4431687947484;0;conti_20;3.31211727704846
164;20;Continuous;27.5309720000891;0;conti_20;3.31531162547236
165;20;Continuous;27.6181249429036;0;conti_20;3.31847225801931
166;20;Continuous;27.7046324389767;0;conti_20;3.32159963527504
167;20;Continuous;27.7904992684281;0;conti_20;3.32469420935151
168;20;Continuous;27.8757301759764;0;conti_20;3.32775642409107
169;20;Continuous;27.9603298712011;0;conti_20;3.33078671526458
170;20;Continuous;28.0443030288031;1;conti_20;3.33378551076356
171;20;Continuous;28.1276542888629;1;conti_20;3.3367532307867
172;20;Continuous;28.2103882570969;1;conti_20;3.33969028802082
173;20;Continuous;28.2925095051121;1;conti_20;3.34259708781662
174;20;Continuous;28.3740225706584;1;conti_20;3.34547402835922
175;20;Continuous;28.4549319578798;1;conti_20;3.34832150083381
176;20;Continuous;28.5352421375628;1;conti_20;3.35113988958655
177;20;Continuous;28.6149575473837;1;conti_20;3.35392957228085
178;20;Continuous;28.694082592154;1;conti_20;3.35669092004921
179;20;Continuous;28.7726216440632;1;conti_20;3.35942429764072
180;20;Continuous;28.8505790429211;1;conti_20;3.36213006356452
181;20;Continuous;28.927959096397;1;conti_20;3.36480857022913
182;20;Continuous;29.0047660802582;1;conti_20;3.367460164078
183;20;Continuous;29.081004238606;1;conti_20;3.37008518572125
184;20;Continuous;29.1566777841101;1;conti_20;3.3726839700638
185;20;Continuous;29.2317908982418;1;conti_20;3.37525684643005
186;20;Continuous;29.3063477315047;1;conti_20;3.37780413868508
187;20;Continuous;29.3803524036642;1;conti_20;3.38032616535263
188;20;Continuous;29.4538090039749;1;conti_20;3.38282323972991
189;20;Continuous;29.526721591407;1;conti_20;3.3852956699993
190;20;Continuous;29.5990941948702;1;conti_20;3.38774375933712
191;20;Continuous;29.6709308134365;1;conti_20;3.39016780601948
192;20;Continuous;29.7422354165612;1;conti_20;3.39256810352537
193;20;Continuous;29.813011944302;1;conti_20;3.39494494063704
194;20;Continuous;29.8832643075371;1;conti_20;3.39729860153777
195;20;Continuous;29.952996388181;1;conti_20;3.39962936590711
196;20;Continuous;30.022212039399;1;conti_20;3.40193750901362
197;20;Continuous;30.0909150858203;1;conti_20;3.40422330180533
198;20;Continuous;30.1591093237494;1;conti_20;3.40648701099776
199;20;Continuous;30.2267985213754;1;conti_20;3.40872889915983
200;20;Continuous;30.2939864189807;1;conti_20;3.4109492247975
201;20;Continuous;30.3606767291477;1;conti_20;3.41314824243539
202;20;Continuous;30.4268731369633;1;conti_20;3.41532620269627
203;20;Continuous;30.4925793002235;1;conti_20;3.41748335237871
204;20;Continuous;30.5577988496345;1;conti_20;3.41961993453259
205;20;Continuous;30.6225353890142;1;conti_20;3.42173618853302
206;20;Continuous;30.6867924954908;1;conti_20;3.42383235015221
207;20;Continuous;30.7505737197006;1;conti_20;3.42590865162972
208;20;Continuous;30.8138825859843;1;conti_20;3.42796532174096
209;20;Continuous;30.8767225925815;1;conti_20;3.43000258586407
210;20;Continuous;30.9390972118243;1;conti_20;3.43202066604515
211;20;Continuous;31.001009890329;1;conti_20;3.43401978106191
212;20;Continuous;31.0624640491865;1;conti_20;3.43600014648592
213;20;Continuous;31.1234630841515;1;conti_20;3.43796197474326
214;20;Continuous;31.1840103658301;1;conti_20;3.43990547517376
215;20;Continuous;31.2441092398658;1;conti_20;3.44183085408894
216;20;Continuous;31.3037630271246;1;conti_20;3.44373831482849
217;20;Continuous;31.3629750238788;1;conti_20;3.4456280578155
218;20;Continuous;31.4217485019884;1;conti_20;3.44750028061038
219;20;Continuous;31.4800867090824;1;conti_20;3.44935517796353
220;20;Continuous;31.5379928687384;1;conti_20;3.45119294186689
221;20;Continuous;31.5954701806602;1;conti_20;3.45301376160417
222;20;Continuous;31.652521820855;1;conti_20;3.45481782380008
223;20;Continuous;31.7091509418088;1;conti_20;3.45660531246831
224;20;Continuous;31.7653606726604;1;conti_20;3.45837640905858
225;20;Continuous;31.8211541193748;1;conti_20;3.46013129250251
226;20;Continuous;31.8765343649143;1;conti_20;3.46187013925853
227;20;Continuous;31.931504469409;1;conti_20;3.46359312335577
228;20;Continuous;31.9860674703261;1;conti_20;3.46530041643699
229;20;Continuous;32.0402263826376;1;conti_20;3.46699218780059
230;20;Continuous;32.0939841989868;1;conti_20;3.46866860444162
231;20;Continuous;32.1473438898537;1;conti_20;3.47032983109199
232;20;Continuous;32.2003084037194;1;conti_20;3.47197603025976
233;20;Continuous;32.2528806672287;1;conti_20;3.47360736226756
234;20;Continuous;32.305063585352;1;conti_20;3.47522398529025
235;20;Continuous;32.3568600415456;1;conti_20;3.47682605539169
236;20;Continuous;32.4082728979112;1;conti_20;3.47841372656079
237;20;Continuous;32.4593049953544;1;conti_20;3.47998715074676
238;20;Continuous;32.5099591537407;1;conti_20;3.48154647789364
239;20;Continuous;32.5602381720526;1;conti_20;3.48309185597407
240;20;Continuous;32.610144828543;1;conti_20;3.48462343102237
241;20;Continuous;32.6596818808897;1;conti_20;3.48614134716695
242;20;Continuous;32.7088520663472;1;conti_20;3.48764574666199
243;20;Continuous;32.7576581018982;1;conti_20;3.48913676991854
244;20;Continuous;32.8061026844037;1;conti_20;3.49061455553489
245;20;Continuous;32.854188490752;1;conti_20;3.49207924032639
246;20;Continuous;32.9019181780066;1;conti_20;3.49353095935463
247;20;Continuous;32.9492943835529;1;conti_20;3.49496984595603
248;20;Continuous;32.9963197252442;1;conti_20;3.49639603176983
249;20;Continuous;33.0429968015463;1;conti_20;3.49780964676556
250;20;Continuous;33.0893281916808;1;conti_20;3.49921081926991
251;20;Continuous;33.135316455768;1;conti_20;3.50059967599309
252;20;Continuous;33.180964134968;1;conti_20;3.50197634205466
253;20;Continuous;33.2262737516213;1;conti_20;3.50334094100882
254;20;Continuous;33.2712478093885;1;conti_20;3.50469359486926
255;20;Continuous;33.315888793388;1;conti_20;3.50603442413344
256;20;Continuous;33.3601991703337;1;conti_20;3.50736354780647
257;20;Continuous;33.4041813886713;1;conti_20;3.50868108342446
258;20;Continuous;33.4478378787134;1;conti_20;3.50998714707748
259;20;Continuous;33.4911710527742;1;conti_20;3.51128185343198
260;20;Continuous;33.5341833053022;1;conti_20;3.5125653157529
261;20;Continuous;33.5768770130131;1;conti_20;3.51383764592524
262;20;Continuous;33.6192545350207;1;conti_20;3.51509895447529
263;20;Continuous;33.6613182129675;1;conti_20;3.51634935059141
264;20;Continuous;33.7030703711539;1;conti_20;3.51758894214447
265;20;Continuous;33.7445133166669;1;conti_20;3.51881783570781
266;20;Continuous;33.7856493395073;1;conti_20;3.52003613657695
267;20;Continuous;33.8264807127164;1;conti_20;3.52124394878879
268;20;Continuous;33.8670096925016;1;conti_20;3.52244137514058
269;20;Continuous;33.907238518361;1;conti_20;3.52362851720842
270;20;Continuous;33.9471694132071;1;conti_20;3.52480547536554
271;20;Continuous;33.9868045834899;1;conti_20;3.52597234880009
272;20;Continuous;34.0261462193185;1;conti_20;3.52712923553275
273;20;Continuous;34.0651964945822;1;conti_20;3.52827623243392
274;20;Continuous;34.1039575670709;1;conti_20;3.52941343524066
275;20;Continuous;34.1424315785939;1;conti_20;3.53054093857323
276;20;Continuous;34.1806206550985;1;conti_20;3.53165883595144
277;20;Continuous;34.2185269067874;1;conti_20;3.53276721981062
278;20;Continuous;34.2561524282355;1;conti_20;3.53386618151735
279;20;Continuous;34.2934992985052;1;conti_20;3.53495581138487
280;20;Continuous;34.3305695812618;1;conti_20;3.53603619868827
281;20;Continuous;34.3673653248871;1;conti_20;3.53710743167931
282;20;Continuous;34.403888562593;1;conti_20;3.53816959760112
283;20;Continuous;34.4401413125333;1;conti_20;3.53922278270249
284;20;Continuous;34.4761255779159;1;conti_20;3.540267072252
285;20;Continuous;34.5118433471127;1;conti_20;3.54130255055191
286;20;Continuous;34.5472965937703;1;conti_20;3.54232930095172
287;20;Continuous;34.5824872769184;1;conti_20;3.54334740586157
288;20;Continuous;34.6174173410785;1;conti_20;3.5443569467654
289;20;Continuous;34.6520887163709;1;conti_20;3.54535800423387
290;20;Continuous;34.6865033186219;1;conti_20;3.546350657937
291;20;Continuous;34.720663049469;1;conti_20;3.54733498665672
292;20;Continuous;34.7545697964668;1;conti_20;3.54831106829908
293;20;Continuous;34.7882254331905;1;conti_20;3.54927897990632
294;20;Continuous;34.8216318193398;1;conti_20;3.5502387976687
295;20;Continuous;34.8547908008418;1;conti_20;3.55119059693618
296;20;Continuous;34.8877042099528;1;conti_20;3.55213445222984
297;20;Continuous;34.9203738653593;1;conti_20;3.55307043725313
298;20;Continuous;34.9528015722792;1;conti_20;3.55399862490297
299;20;Continuous;34.9849891225609;1;conti_20;3.55491908728059
300;20;Continuous;35.0169382947824;1;conti_20;3.55583189570226
301;20;Continuous;35.04865085435;1;conti_20;3.5567371207098
302;20;Continuous;35.0801285535953;1;conti_20;3.55763483208094
303;20;Continuous;35.1113731318726;1;conti_20;3.55852509883947
304;20;Continuous;35.1423863156543;1;conti_20;3.55940798926527
305;20;Continuous;35.173169818627;1;conti_20;3.56028357090415
306;20;Continuous;35.2037253417859;1;conti_20;3.56115191057754
307;20;Continuous;35.2340545735286;1;conti_20;3.562013074392
308;20;Continuous;35.2641591897488;1;conti_20;3.56286712774862
309;20;Continuous;35.2940408539283;1;conti_20;3.5637141353522
310;20;Continuous;35.3237012172299;1;conti_20;3.56455416122037
311;20;Continuous;35.3531419185874;1;conti_20;3.56538726869246
312;20;Continuous;35.3823645847974;1;conti_20;3.56621352043836
313;20;Continuous;35.411370830608;1;conti_20;3.56703297846705
314;20;Continuous;35.4401622588092;1;conti_20;3.56784570413524
315;20;Continuous;35.4687404603205;1;conti_20;3.56865175815561
316;20;Continuous;35.4971070142793;1;conti_20;3.56945120060516
317;20;Continuous;35.5252634881281;1;conti_20;3.57024409093323
318;20;Continuous;35.5532114377009;1;conti_20;3.57103048796952
319;20;Continuous;35.5809524073096;1;conti_20;3.57181044993198
320;20;Continuous;35.6084879298289;1;conti_20;3.57258403443446
321;20;Continuous;35.6358195267812;1;conti_20;3.57335129849439
322;20;Continuous;35.6629487084206;1;conti_20;3.57411229854026
323;20;Continuous;35.6898769738164;1;conti_20;3.57486709041897
324;20;Continuous;35.716605810936;1;conti_20;3.57561572940316
325;20;Continuous;35.7431366967271;1;conti_20;3.57635827019827
326;20;Continuous;35.7694710971991;1;conti_20;3.57709476694967
327;20;Continuous;35.7956104675043;1;conti_20;3.57782527324957
328;20;Continuous;35.8215562520184;1;conti_20;3.5785498421438
329;20;Continuous;35.8473098844201;1;conti_20;3.57926852613864
330;20;Continuous;35.8728727877703;1;conti_20;3.57998137720734
331;20;Continuous;35.8982463745911;1;conti_20;3.58068844679673
332;20;Continuous;35.9234320469434;1;conti_20;3.58138978583358
333;20;Continuous;35.9484311965045;1;conti_20;3.58208544473099
334;20;Continuous;35.9732452046453;1;conti_20;3.58277547339459
335;20;Continuous;35.9978754425062;1;conti_20;3.58345992122869
336;20;Continuous;36.0223232710731;1;conti_20;3.58413883714235
337;20;Continuous;36.0465900412526;1;conti_20;3.58481226955534
338;20;Continuous;36.0706770939467;1;conti_20;3.58548026640399
339;20;Continuous;36.0945857601265;1;conti_20;3.586142875147
340;20;Continuous;36.1183173609065;1;conti_20;3.58680014277117
341;20;Continuous;36.1418732076166;1;conti_20;3.58745211579696
342;20;Continuous;36.1652546018757;1;conti_20;3.58809884028409
343;20;Continuous;36.1884628356625;1;conti_20;3.58874036183694
344;20;Continuous;36.2114991913877;1;conti_20;3.58937672561001
345;20;Continuous;36.2343649419647;1;conti_20;3.59000797631313
346;20;Continuous;36.2570613508794;1;conti_20;3.59063415821676
347;20;Continuous;36.2795896722609;1;conti_20;3.59125531515709
348;20;Continuous;36.3019511509501;1;conti_20;3.59187149054117
349;20;Continuous;36.3241470225687;1;conti_20;3.59248272735184
350;20;Continuous;36.3461785135876;1;conti_20;3.59308906815275
15;30;Continuous;4.09702475135613;0;conti_30;1.4102610398831
16;30;Continuous;4.40200246324817;0;conti_30;1.48205954267889
17;30;Continuous;4.70387644645784;0;conti_30;1.54838694461742
18;30;Continuous;5.0026782873318;0;conti_30;1.60997342648721
19;30;Continuous;5.29843925076552;0;conti_30;1.6674122962024
20;30;Continuous;5.59119028347466;0;conti_30;1.72119219535459
21;30;Continuous;5.88096201723315;0;conti_30;1.77172035690113
22;30;Continuous;6.16778477207829;0;conti_30;1.81933974137178
23;30;Continuous;6.45168855948334;0;conti_30;1.86434188871405
24;30;Continuous;6.73270308549764;0;conti_30;1.90697671019447
25;30;Continuous;7.010857753855;0;conti_30;1.94746005502386
26;30;Continuous;7.28618166905023;0;conti_30;1.9859796322654
27;30;Continuous;7.55870363938451;0;conti_30;2.02269969921581
28;30;Continuous;7.82845217997977;0;conti_30;2.05776481229831
29;30;Continuous;8.09545551576226;0;conti_30;2.09130285679563
30;30;Continuous;8.35974158441589;0;conti_30;2.12342751566382
31;30;Continuous;8.62133803930547;0;conti_30;2.15424029760688
32;30;Continuous;8.8802722523702;0;conti_30;2.1838322155848
33;30;Continuous;9.13657131698768;0;conti_30;2.21228518565499
34;30;Continuous;9.39026205080884;0;conti_30;2.23967320026515
35;30;Continuous;9.64137099856397;0;conti_30;2.26606331827823
36;30;Continuous;9.8899244348402;0;conti_30;2.29151650504327
37;30;Continuous;10.1359483668307;0;conti_30;2.31608834896785
38;30;Continuous;10.3794685370561;0;conti_30;2.33982967575797
39;30;Continuous;10.6205104260576;0;conti_30;2.36278707737611
40;30;Continuous;10.8590992550637;0;conti_30;2.38500336954327
41;30;Continuous;11.0952599886286;0;conti_30;2.40651798906437
42;30;Continuous;11.329017337245;0;conti_30;2.42736734023222
43;30;Continuous;11.560395759929;0;conti_30;2.44758509794619
44;30;Continuous;11.7894194667798;0;conti_30;2.4672024738781
45;30;Continuous;12.0161124215128;0;conti_30;2.48624845096277
46;30;Continuous;12.2404983439667;0;conti_30;2.50474999063174
47;30;Continuous;12.4626007125862;0;conti_30;2.52273221650595
48;30;Continuous;12.6824427668776;0;conti_30;2.54021857768508
49;30;Continuous;12.9000475098414;0;conti_30;2.55723099429429
50;30;Continuous;13.1154377103786;0;conti_30;2.5737899875525
51;30;Continuous;13.3286359056733;0;conti_30;2.58991479629661
52;30;Continuous;13.5396644035508;0;conti_30;2.60562348161941
53;30;Continuous;13.7485452848121;0;conti_30;2.62093302104742
54;30;Continuous;13.9553004055437;0;conti_30;2.63585939348849
55;30;Continuous;14.159951399405;0;conti_30;2.65041765601427
56;30;Continuous;14.3625196798916;0;conti_30;2.66462201340137
57;30;Continuous;14.5630264425763;0;conti_30;2.67848588123568
58;30;Continuous;14.7614926673262;0;conti_30;2.69202194328175
59;30;Continuous;14.9579391204986;0;conti_30;2.70524220373168
60;30;Continuous;15.1523863571136;0;conti_30;2.71815803487217
61;30;Continuous;15.3448547230048;0;conti_30;2.73078022064368
62;30;Continuous;15.5353643569481;0;conti_30;2.74311899650934
63;30;Continuous;15.7239351927692;0;conti_30;2.75518408600248
64;30;Continuous;15.9105869614291;0;conti_30;2.76698473427943
65;30;Continuous;16.0953391930886;0;conti_30;2.77852973896727
66;30;Continuous;16.2782112191523;0;conti_30;2.78982747856414
67;30;Continuous;16.4592221742905;1;conti_30;2.80088593862144
68;30;Continuous;16.6383909984422;1;conti_30;2.81171273591266
69;30;Continuous;16.8157364387962;1;conti_30;2.82231514077177
70;30;Continuous;16.9912770517531;1;conti_30;2.83270009776511
71;30;Continuous;17.1650312048669;1;conti_30;2.84287424484374
72;30;Continuous;17.3370170787666;1;conti_30;2.85284393110834
73;30;Continuous;17.5072526690588;1;conti_30;2.8626152333056
74;30;Continuous;17.6757557882105;1;conti_30;2.87219397116324
75;30;Continuous;17.8425440674129;1;conti_30;2.88158572166039
76;30;Continuous;18.0076349584264;1;conti_30;2.89079583232092
77;30;Continuous;18.1710457354065;1;conti_30;2.89982943360869
78;30;Continuous;18.3327934967112;1;conti_30;2.9086914504969
79;30;Continuous;18.4928951666902;1;conti_30;2.91738661327632
80;30;Continuous;18.6513674974557;1;conti_30;2.92591946766209
81;30;Continuous;18.8082270706355;1;conti_30;2.9342943842527
82;30;Continuous;18.9634902991074;1;conti_30;2.94251556739051
83;30;Continuous;19.1171734287172;1;conti_30;2.95058706346876
84;30;Continuous;19.2692925399783;1;conti_30;2.95851276872578
85;30;Continuous;19.419863549754;1;conti_30;2.96629643656424
86;30;Continuous;19.5689022129236;1;conti_30;2.97394168442955
87;30;Continuous;19.7164241240303;1;conti_30;2.98145200027895
88;30;Continuous;19.8624447189131;1;conti_30;2.98883074867019
89;30;Continuous;20.006979276322;1;conti_30;2.99608117649638
90;30;Continuous;20.1500429195168;1;conti_30;3.00320641839126
91;30;Continuous;20.2916506178492;1;conti_30;3.01020950182752
92;30;Continuous;20.4318171883292;1;conti_30;3.01709335192876
93;30;Continuous;20.5705572971756;1;conti_30;3.02386079601423
94;30;Continuous;20.7078854613505;1;conti_30;3.0305145678939
95;30;Continuous;20.8438160500784;1;conti_30;3.03705731193023
96;30;Continuous;20.9783632863493;1;conti_30;3.04349158688157
97;30;Continuous;21.1115412484076;1;conti_30;3.04981986954127
98;30;Continuous;21.2433638712243;1;conti_30;3.05604455818527
99;30;Continuous;21.373844947956;1;conti_30;3.06216797584022
100;30;Continuous;21.5029981313874;1;conti_30;3.06819237338316
101;30;Continuous;21.6308369353603;1;conti_30;3.07411993248318
102;30;Continuous;21.7573747361872;1;conti_30;3.07995276839446
103;30;Continuous;21.8826247740513;1;conti_30;3.08569293260986
104;30;Continuous;22.0066001543919;1;conti_30;3.09134241538302
105;30;Continuous;22.1293138492753;1;conti_30;3.09690314812703
106;30;Continuous;22.2507786987523;1;conti_30;3.10237700569658
107;30;Continuous;22.371007412202;1;conti_30;3.10776580856054
108;30;Continuous;22.490012569661;1;conti_30;3.11307132487107
109;30;Continuous;22.6078066231405;1;conti_30;3.11829527243516
110;30;Continuous;22.7244018979285;1;conti_30;3.12343932059413
111;30;Continuous;22.8398105938798;1;conti_30;3.12850509201611
112;30;Continuous;22.9540447866925;1;conti_30;3.13349416440637
113;30;Continuous;23.0671164291715;1;conti_30;3.13840807213991
114;30;Continuous;23.179037352479;1;conti_30;3.14324830782055
115;30;Continuous;23.2898192673729;1;conti_30;3.14801632377051
116;30;Continuous;23.3994737654317;1;conti_30;3.15271353345402
117;30;Continuous;23.5080123202673;1;conti_30;3.15734131283855
118;30;Continuous;23.6154462887261;1;conti_30;3.16190100169697
119;30;Continuous;23.7217869120769;1;conti_30;3.16639390485352
120;30;Continuous;23.827045317187;1;conti_30;3.17082129337654
121;30;Continuous;23.9312325176869;1;conti_30;3.17518440572085
122;30;Continuous;24.0343594151222;1;conti_30;3.17948444882192
123;30;Continuous;24.1364368000948;1;conti_30;3.18372259914473
124;30;Continuous;24.2374753533915;1;conti_30;3.1879000036891
125;30;Continuous;24.3374856471018;1;conti_30;3.192017780954
126;30;Continuous;24.4364781457241;1;conti_30;3.19607702186258
127;30;Continuous;24.5344632072605;1;conti_30;3.20007879065001
128;30;Continuous;24.6314510843009;1;conti_30;3.20402412571576
129;30;Continuous;24.7274519250954;1;conti_30;3.20791404044214
130;30;Continuous;24.8224757746165;1;conti_30;3.21174952398059
131;30;Continuous;24.9165325756099;1;conti_30;3.21553154200733
132;30;Continuous;25.009632169635;1;conti_30;3.21926103744971
133;30;Continuous;25.1017842980944;1;conti_30;3.22293893118462
134;30;Continuous;25.1929986032537;1;conti_30;3.22656612271036
135;30;Continuous;25.2832846292499;1;conti_30;3.230143490793
136;30;Continuous;25.3726518230903;1;conti_30;3.23367189408844
137;30;Continuous;25.4611095356407;1;conti_30;3.23715217174139
138;30;Continuous;25.5486670226045;1;conti_30;3.24058514396211
139;30;Continuous;25.6353334454903;1;conti_30;3.24397161258194
140;30;Continuous;25.7211178725712;1;conti_30;3.24731236158865
141;30;Continuous;25.806029279833;1;conti_30;3.2506081576424
142;30;Continuous;25.8900765519141;1;conti_30;3.25385975057306
143;30;Continuous;25.9732684830347;1;conti_30;3.25706787385997
144;30;Continuous;26.0556137779169;1;conti_30;3.26023324509454
145;30;Continuous;26.137121052696;1;conti_30;3.26335656642664
146;30;Continuous;26.2177988358215;1;conti_30;3.26643852499546
147;30;Continuous;26.2976555689497;1;conti_30;3.26947979334532
148;30;Continuous;26.3766996078271;1;conti_30;3.27248102982724
149;30;Continuous;26.4549392231644;1;conti_30;3.27544287898677
150;30;Continuous;26.5323826015023;1;conti_30;3.27836597193859
151;30;Continuous;26.6090378460676;1;conti_30;3.28125092672852
152;30;Continuous;26.6849129776216;1;conti_30;3.2840983486834
153;30;Continuous;26.760015935299;1;conti_30;3.28690883074935
154;30;Continuous;26.8343545774386;1;conti_30;3.28968295381872
155;30;Continuous;26.9079366824057;1;conti_30;3.29242128704649
156;30;Continuous;26.980769949406;1;conti_30;3.29512438815618
157;30;Continuous;27.0528619992911;1;conti_30;3.29779280373597
158;30;Continuous;27.1242203753559;1;conti_30;3.3004270695252
159;30;Continuous;27.1948525441278;1;conti_30;3.30302771069173
160;30;Continuous;27.2647658961483;1;conti_30;3.3055952421005
161;30;Continuous;27.333967746746;1;conti_30;3.30813016857359
162;30;Continuous;27.402465336802;1;conti_30;3.31063298514214
163;30;Continuous;27.4702658335078;1;conti_30;3.31310417729035
164;30;Continuous;27.537376331115;1;conti_30;3.315544221192
165;30;Continuous;27.6038038516776;1;conti_30;3.31795358393966
166;30;Continuous;27.6695553457871;1;conti_30;3.32033272376682
167;30;Continuous;27.7346376932992;1;conti_30;3.32268209026338
168;30;Continuous;27.7990577040542;1;conti_30;3.32500212458451
169;30;Continuous;27.8628221185892;1;conti_30;3.3272932596533
170;30;Continuous;27.9259376088435;1;conti_30;3.32955592035735
171;30;Continuous;27.9884107788569;1;conti_30;3.33179052373953
172;30;Continuous;28.0502481654602;1;conti_30;3.33399747918305
173;30;Continuous;28.1114562389597;1;conti_30;3.33617718859118
174;30;Continuous;28.1720414038142;1;conti_30;3.3383300465617
175;30;Continuous;28.2320099993045;1;conti_30;3.34045644055626
176;30;Continuous;28.2913683001975;1;conti_30;3.34255675106492
177;30;Continuous;28.3501225174023;1;conti_30;3.34463135176592
178;30;Continuous;28.4082787986202;1;conti_30;3.34668060968092
179;30;Continuous;28.4658432289879;1;conti_30;3.34870488532588
180;30;Continuous;28.5228218317143;1;conti_30;3.35070453285761
181;30;Continuous;28.5792205687106;1;conti_30;3.35267990021628
182;30;Continuous;28.6350453412143;1;conti_30;3.35463132926396
183;30;Continuous;28.6903019904064;1;conti_30;3.35655915591928
184;30;Continuous;28.7449962980232;1;conti_30;3.35846371028844
185;30;Continuous;28.7991339869603;1;conti_30;3.36034531679258
186;30;Continuous;28.8527207218722;1;conti_30;3.36220429429173
187;30;Continuous;28.9057621097648;1;conti_30;3.36404095620536
188;30;Continuous;28.9582637005819;1;conti_30;3.36585561062973
189;30;Continuous;29.0102309877863;1;conti_30;3.36764856045205
190;30;Continuous;29.061669408934;1;conti_30;3.36942010346163
191;30;Continuous;29.1125843462438;1;conti_30;3.37117053245809
192;30;Continuous;29.1629811271602;1;conti_30;3.37290013535668
193;30;Continuous;29.2128650249106;1;conti_30;3.37460919529091
194;30;Continuous;29.2622412590573;1;conti_30;3.3762979907124
195;30;Continuous;29.3111149960439;1;conti_30;3.37796679548829
196;30;Continuous;29.3594913497353;1;conti_30;3.37961587899595
197;30;Continuous;29.4073753819532;1;conti_30;3.38124550621543
198;30;Continuous;29.4547721030056;1;conti_30;3.38285593781948
199;30;Continuous;29.5016864722112;1;conti_30;3.38444743026125
200;30;Continuous;29.548123398418;1;conti_30;3.38602023585982
201;30;Continuous;29.5940877405173;1;conti_30;3.38757460288359
202;30;Continuous;29.6395843079519;1;conti_30;3.38911077563156
203;30;Continuous;29.6846178612192;1;conti_30;3.39062899451258
204;30;Continuous;29.7291931123696;1;conti_30;3.39212949612268
205;30;Continuous;29.7733147254996;1;conti_30;3.39361251332043
206;30;Continuous;29.8169873172393;1;conti_30;3.39507827530054
207;30;Continuous;29.8602154572361;1;conti_30;3.39652700766559
208;30;Continuous;29.9030036686323;1;conti_30;3.39795893249605
209;30;Continuous;29.9453564285388;1;conti_30;3.39937426841863
210;30;Continuous;29.9872781685033;1;conti_30;3.40077323067295
211;30;Continuous;30.028773274974;1;conti_30;3.40215603117664
212;30;Continuous;30.0698460897587;1;conti_30;3.40352287858889
213;30;Continuous;30.1105009104792;1;conti_30;3.40487397837251
214;30;Continuous;30.1507419910205;1;conti_30;3.40620953285447
215;30;Continuous;30.1905735419765;1;conti_30;3.40752974128511
216;30;Continuous;30.2299997310902;1;conti_30;3.40883479989591
217;30;Continuous;30.2690246836898;1;conti_30;3.41012490195589
218;30;Continuous;30.3076524831205;1;conti_30;3.41140023782682
219;30;Continuous;30.3458871711718;1;conti_30;3.41266099501704
220;30;Continuous;30.3837327485;1;conti_30;3.41390735823412
221;30;Continuous;30.4211931750475;1;conti_30;3.41513950943627
222;30;Continuous;30.4582723704565;1;conti_30;3.41635762788267
223;30;Continuous;30.4949742144794;1;conti_30;3.41756189018254
224;30;Continuous;30.5313025473847;1;conti_30;3.41875247034322
225;30;Continuous;30.5672611703591;1;conti_30;3.41992953981714
226;30;Continuous;30.6028538459047;1;conti_30;3.42109326754768
227;30;Continuous;30.638084298233;1;conti_30;3.42224382001413
228;30;Continuous;30.6729562136549;1;conti_30;3.42338136127558
229;30;Continuous;30.7074732409656;1;conti_30;3.42450605301383
230;30;Continuous;30.7416389918272;1;conti_30;3.42561805457548
231;30;Continuous;30.7754570411461;1;conti_30;3.42671752301292
232;30;Continuous;30.8089309274474;1;conti_30;3.42780461312462
233;30;Continuous;30.8420641532447;1;conti_30;3.42887947749441
234;30;Continuous;30.874860185407;1;conti_30;3.42994226653002
235;30;Continuous;30.9073224555215;1;conti_30;3.43099312850071
236;30;Continuous;30.9394543602521;1;conti_30;3.43203220957416
237;30;Continuous;30.9712592616955;1;conti_30;3.43305965385256
238;30;Continuous;31.0027404877324;1;conti_30;3.43407560340792
239;30;Continuous;31.0339013323762;1;conti_30;3.43508019831668
240;30;Continuous;31.0647450561173;1;conti_30;3.43607357669355
241;30;Continuous;31.0952748862645;1;conti_30;3.43705587472467
242;30;Continuous;31.1254940172826;1;conti_30;3.43802722670012
243;30;Continuous;31.1554056111265;1;conti_30;3.43898776504565
244;30;Continuous;31.1850127975724;1;conti_30;3.4399376203539
245;30;Continuous;31.2143186745448;1;conti_30;3.44087692141485
246;30;Continuous;31.2433263084411;1;conti_30;3.44180579524574
247;30;Continuous;31.2720387344524;1;conti_30;3.44272436712037
248;30;Continuous;31.3004589568806;1;conti_30;3.44363276059773
249;30;Continuous;31.3285899494535;1;conti_30;3.44453109755018
250;30;Continuous;31.3564346556352;1;conti_30;3.44541949819096
251;30;Continuous;31.3839959889347;1;conti_30;3.44629808110119
252;30;Continuous;31.4112768332105;1;conti_30;3.44716696325636
253;30;Continuous;31.4382800429721;1;conti_30;3.44802626005224
254;30;Continuous;31.4650084436792;1;conti_30;3.44887608533034
255;30;Continuous;31.4914648320369;1;conti_30;3.4497165514028
256;30;Continuous;31.5176519762887;1;conti_30;3.45054776907688
257;30;Continuous;31.5435726165057;1;conti_30;3.45136984767888
258;30;Continuous;31.5692294648738;1;conti_30;3.45218289507767
259;30;Continuous;31.5946252059771;1;conti_30;3.45298701770774
260;30;Continuous;31.619762497079;1;conti_30;3.4537823205918
261;30;Continuous;31.6446439684001;1;conti_30;3.45456890736291
262;30;Continuous;31.6692722233937;1;conti_30;3.45534688028631
263;30;Continuous;31.6936498390177;1;conti_30;3.45611634028068
264;30;Continuous;31.7177793660049;1;conti_30;3.45687738693912
265;30;Continuous;31.7416633291292;1;conti_30;3.45763011854966
266;30;Continuous;31.7653042274705;1;conti_30;3.45837463211543
267;30;Continuous;31.7887045346754;1;conti_30;3.4591110233744
268;30;Continuous;31.8118666992167;1;conti_30;3.45983938681881
269;30;Continuous;31.8347931446493;1;conti_30;3.46055981571423
270;30;Continuous;31.8574862698637;1;conti_30;3.46127240211821
271;30;Continuous;31.8799484493372;1;conti_30;3.46197723689866
272;30;Continuous;31.9021820333824;1;conti_30;3.46267440975186
273;30;Continuous;31.9241893483927;1;conti_30;3.4633640092201
274;30;Continuous;31.9459726970863;1;conti_30;3.46404612270911
275;30;Continuous;31.9675343587467;1;conti_30;3.46472083650504
276;30;Continuous;31.9888765894614;1;conti_30;3.46538823579122
277;30;Continuous;32.0100016223579;1;conti_30;3.46604840466462
278;30;Continuous;32.0309116678375;1;conti_30;3.46670142615192
279;30;Continuous;32.0516089138062;1;conti_30;3.46734738222545
280;30;Continuous;32.0720955259041;1;conti_30;3.46798635381869
281;30;Continuous;32.0923736477318;1;conti_30;3.46861842084157
282;30;Continuous;32.1124454010745;1;conti_30;3.46924366219554
283;30;Continuous;32.1323128861244;1;conti_30;3.46986215578826
284;30;Continuous;32.1519781817002;1;conti_30;3.47047397854814
285;30;Continuous;32.1714433454646;1;conti_30;3.47107920643859
286;30;Continuous;32.1907104141396;1;conti_30;3.47167791447196
287;30;Continuous;32.2097814037198;1;conti_30;3.47227017672336
288;30;Continuous;32.2286583096833;1;conti_30;3.47285606634414
289;30;Continuous;32.2473431072002;1;conti_30;3.47343565557515
290;30;Continuous;32.2658377513396;1;conti_30;3.47400901575984
291;30;Continuous;32.284144177274;1;conti_30;3.47457621735706
292;30;Continuous;32.3022643004819;1;conti_30;3.47513732995367
293;30;Continuous;32.3202000169482;1;conti_30;3.47569242227694
294;30;Continuous;32.3379532033624;1;conti_30;3.47624156220675
295;30;Continuous;32.3555257173152;1;conti_30;3.47678481678752
296;30;Continuous;32.3729193974928;1;conti_30;3.47732225224006
297;30;Continuous;32.3901360638692;1;conti_30;3.47785393397309
298;30;Continuous;32.4071775178967;1;conti_30;3.47837992659465
299;30;Continuous;32.4240455426945;1;conti_30;3.4789002939233
300;30;Continuous;32.4407419032351;1;conti_30;3.47941509899911
301;30;Continuous;32.4572683465291;1;conti_30;3.47992440409452
302;30;Continuous;32.4736266018077;1;conti_30;3.48042827072497
303;30;Continuous;32.4898183807042;1;conti_30;3.48092675965936
304;30;Continuous;32.5058453774327;1;conti_30;3.48141993093038
305;30;Continuous;32.5217092689653;1;conti_30;3.48190784384464
306;30;Continuous;32.5374117152078;1;conti_30;3.48239055699262
307;30;Continuous;32.5529543591733;1;conti_30;3.48286812825848
308;30;Continuous;32.5683388271542;1;conti_30;3.48334061482975
309;30;Continuous;32.5835667288921;1;conti_30;3.48380807320676
310;30;Continuous;32.5986396577466;1;conti_30;3.48427055921203
311;30;Continuous;32.6135591908617;1;conti_30;3.48472812799943
312;30;Continuous;32.628326889331;1;conti_30;3.48518083406324
313;30;Continuous;32.642944298361;1;conti_30;3.48562873124705
314;30;Continuous;32.6574129474328;1;conti_30;3.48607187275252
315;30;Continuous;32.6717343504622;1;conti_30;3.48651031114797
316;30;Continuous;32.6859100059578;1;conti_30;3.48694409837691
317;30;Continuous;32.6999413971783;1;conti_30;3.48737328576638
318;30;Continuous;32.7138299922871;1;conti_30;3.48779792403513
319;30;Continuous;32.7275772445066;1;conti_30;3.48821806330175
320;30;Continuous;32.7411845922696;1;conti_30;3.48863375309265
321;30;Continuous;32.7546534593702;1;conti_30;3.48904504234983
322;30;Continuous;32.7679852551128;1;conti_30;3.48945197943869
323;30;Continuous;32.7811813744593;1;conti_30;3.48985461215558
324;30;Continuous;32.7942431981753;1;conti_30;3.49025298773527
325;30;Continuous;32.8071720929745;1;conti_30;3.49064715285836
326;30;Continuous;32.8199694116615;1;conti_30;3.49103715365851
327;30;Continuous;32.8326364932737;1;conti_30;3.4914230357296
328;30;Continuous;32.8451746632213;1;conti_30;3.49180484413274
329;30;Continuous;32.8575852334258;1;conti_30;3.49218262340325
330;30;Continuous;32.8698695024574;1;conti_30;3.49255641755743
331;30;Continuous;32.882028755671;1;conti_30;3.49292627009931
332;30;Continuous;32.8940642653404;1;conti_30;3.49329222402728
333;30;Continuous;32.9059772907918;1;conti_30;3.49365432184059
334;30;Continuous;32.9177690785351;1;conti_30;3.49401260554578
335;30;Continuous;32.9294408623949;1;conti_30;3.49436711666303
336;30;Continuous;32.9409938636389;1;conti_30;3.49471789623237
337;30;Continuous;32.9524292911065;1;conti_30;3.49506498481981
338;30;Continuous;32.9637483413346;1;conti_30;3.49540842252345
339;30;Continuous;32.9749521986831;1;conti_30;3.49574824897937
340;30;Continuous;32.9860420354588;1;conti_30;3.49608450336756
341;30;Continuous;32.9970190120379;1;conti_30;3.49641722441766
342;30;Continuous;33.007884276988;1;conti_30;3.49674645041473
343;30;Continuous;33.0186389671873;1;conti_30;3.49707221920478
344;30;Continuous;33.0292842079444;1;conti_30;3.49739456820041
345;30;Continuous;33.0398211131157;1;conti_30;3.49771353438617
346;30;Continuous;33.0502507852221;1;conti_30;3.49802915432404
347;30;Continuous;33.0605743155639;1;conti_30;3.49834146415862
348;30;Continuous;33.0707927843358;1;conti_30;3.49865049962247
349;30;Continuous;33.0809072607391;1;conti_30;3.49895629604116
350;30;Continuous;33.0909188030942;1;conti_30;3.49925888833843
